,Unnamed: 0,Unnamed: 0.1,Unnamed: 0.1.1,Unnamed: 0.1.1.1,url,state,zip_code,scraped
0,0,0,0,30292,https://www.yellowpages.com/search?search_terms=autoglass&geo_location_terms=66002&page=1,Kansas,66002,FALSE
1,1,1,1,30293,https://www.yellowpages.com/search?search_terms=autoglass&geo_location_terms=66006&page=1,Kansas,66006,FALSE
2,2,2,2,30294,https://www.yellowpages.com/search?search_terms=autoglass&geo_location_terms=66007&page=1,Kansas,66007,FALSE
3,3,3,3,30295,https://www.yellowpages.com/search?search_terms=autoglass&geo_location_terms=66007&page=2,Kansas,66007,FALSE
4,4,4,4,30296,https://www.yellowpages.com/search?search_terms=autoglass&geo_location_terms=66008&page=1,Kansas,66008,FALSE
5,5,5,5,30297,https://www.yellowpages.com/search?search_terms=autoglass&geo_location_terms=66010&page=1,Kansas,66010,FALSE
6,6,6,6,30298,https://www.yellowpages.com/search?search_terms=autoglass&geo_location_terms=66012&page=1,Kansas,66012,FALSE
7,7,7,7,30299,https://www.yellowpages.com/search?search_terms=autoglass&geo_location_terms=66012&page=2,Kansas,66012,FALSE
8,8,8,8,30300,https://www.yellowpages.com/search?search_terms=autoglass&geo_location_terms=66012&page=3,Kansas,66012,FALSE
9,9,9,9,30301,https://www.yellowpages.com/search?search_terms=autoglass&geo_location_terms=66012&page=4,Kansas,66012,FALSE
10,10,10,10,30302,https://www.yellowpages.com/search?search_terms=autoglass&geo_location_terms=66012&page=5,Kansas,66012,FALSE
11,11,11,11,30303,https://www.yellowpages.com/search?search_terms=autoglass&geo_location_terms=66013&page=1,Kansas,66013,FALSE
12,12,12,12,30304,https://www.yellowpages.com/search?search_terms=autoglass&geo_location_terms=66013&page=2,Kansas,66013,FALSE
13,13,13,13,30305,https://www.yellowpages.com/search?search_terms=autoglass&geo_location_terms=66014&page=1,Kansas,66014,FALSE
14,14,14,14,30306,https://www.yellowpages.com/search?search_terms=autoglass&geo_location_terms=66015&page=1,Kansas,66015,FALSE
15,15,15,15,30307,https://www.yellowpages.com/search?search_terms=autoglass&geo_location_terms=66016&page=1,Kansas,66016,FALSE
16,16,16,16,30308,https://www.yellowpages.com/search?search_terms=autoglass&geo_location_terms=66017&page=1,Kansas,66017,FALSE
17,17,17,17,30309,https://www.yellowpages.com/search?search_terms=autoglass&geo_location_terms=66018&page=1,Kansas,66018,FALSE
18,18,18,18,30310,https://www.yellowpages.com/search?search_terms=autoglass&geo_location_terms=66018&page=2,Kansas,66018,FALSE
19,19,19,19,30311,https://www.yellowpages.com/search?search_terms=autoglass&geo_location_terms=66018&page=3,Kansas,66018,FALSE
20,20,20,20,30312,https://www.yellowpages.com/search?search_terms=autoglass&geo_location_terms=66018&page=4,Kansas,66018,FALSE
21,21,21,21,30313,https://www.yellowpages.com/search?search_terms=autoglass&geo_location_terms=66020&page=1,Kansas,66020,FALSE
22,22,22,22,30314,https://www.yellowpages.com/search?search_terms=autoglass&geo_location_terms=66021&page=1,Kansas,66021,FALSE
23,23,23,23,30315,https://www.yellowpages.com/search?search_terms=autoglass&geo_location_terms=66021&page=2,Kansas,66021,FALSE
24,24,24,24,30316,https://www.yellowpages.com/search?search_terms=autoglass&geo_location_terms=66023&page=1,Kansas,66023,FALSE
25,25,25,25,30317,https://www.yellowpages.com/search?search_terms=autoglass&geo_location_terms=66024&page=1,Kansas,66024,FALSE
26,26,26,26,30318,https://www.yellowpages.com/search?search_terms=autoglass&geo_location_terms=66025&page=1,Kansas,66025,FALSE
27,27,27,27,30319,https://www.yellowpages.com/search?search_terms=autoglass&geo_location_terms=66025&page=2,Kansas,66025,FALSE
28,28,28,28,30320,https://www.yellowpages.com/search?search_terms=autoglass&geo_location_terms=66026&page=1,Kansas,66026,FALSE
29,29,29,29,30321,https://www.yellowpages.com/search?search_terms=autoglass&geo_location_terms=66027&page=1,Kansas,66027,FALSE
30,30,30,30,30322,https://www.yellowpages.com/search?search_terms=autoglass&geo_location_terms=66030&page=1,Kansas,66030,FALSE
31,31,31,31,30323,https://www.yellowpages.com/search?search_terms=autoglass&geo_location_terms=66030&page=2,Kansas,66030,FALSE
32,32,32,32,30324,https://www.yellowpages.com/search?search_terms=autoglass&geo_location_terms=66030&page=3,Kansas,66030,FALSE
33,33,33,33,30325,https://www.yellowpages.com/search?search_terms=autoglass&geo_location_terms=66031&page=1,Kansas,66031,FALSE
34,34,34,34,30326,https://www.yellowpages.com/search?search_terms=autoglass&geo_location_terms=66031&page=2,Kansas,66031,FALSE
35,35,35,35,30327,https://www.yellowpages.com/search?search_terms=autoglass&geo_location_terms=66031&page=3,Kansas,66031,FALSE
36,36,36,36,30328,https://www.yellowpages.com/search?search_terms=autoglass&geo_location_terms=66031&page=4,Kansas,66031,FALSE
37,37,37,37,30329,https://www.yellowpages.com/search?search_terms=autoglass&geo_location_terms=66032&page=1,Kansas,66032,FALSE
38,38,38,38,30330,https://www.yellowpages.com/search?search_terms=autoglass&geo_location_terms=66033&page=1,Kansas,66033,FALSE
39,39,39,39,30331,https://www.yellowpages.com/search?search_terms=autoglass&geo_location_terms=66035&page=1,Kansas,66035,FALSE
40,40,40,40,30332,https://www.yellowpages.com/search?search_terms=autoglass&geo_location_terms=66039&page=1,Kansas,66039,FALSE
41,41,41,41,30333,https://www.yellowpages.com/search?search_terms=autoglass&geo_location_terms=66040&page=1,Kansas,66040,FALSE
42,42,42,42,30334,https://www.yellowpages.com/search?search_terms=autoglass&geo_location_terms=66041&page=1,Kansas,66041,FALSE
43,43,43,43,30335,https://www.yellowpages.com/search?search_terms=autoglass&geo_location_terms=66042&page=1,Kansas,66042,FALSE
44,44,44,44,30336,https://www.yellowpages.com/search?search_terms=autoglass&geo_location_terms=66043&page=1,Kansas,66043,FALSE
45,45,45,45,30337,https://www.yellowpages.com/search?search_terms=autoglass&geo_location_terms=66043&page=2,Kansas,66043,FALSE
46,46,46,46,30338,https://www.yellowpages.com/search?search_terms=autoglass&geo_location_terms=66044&page=1,Kansas,66044,FALSE
47,47,47,47,30339,https://www.yellowpages.com/search?search_terms=autoglass&geo_location_terms=66045&page=1,Kansas,66045,FALSE
48,48,48,48,30340,https://www.yellowpages.com/search?search_terms=autoglass&geo_location_terms=66046&page=1,Kansas,66046,FALSE
49,49,49,49,30341,https://www.yellowpages.com/search?search_terms=autoglass&geo_location_terms=66047&page=1,Kansas,66047,FALSE
50,50,50,50,30342,https://www.yellowpages.com/search?search_terms=autoglass&geo_location_terms=66048&page=1,Kansas,66048,FALSE
51,51,51,51,30343,https://www.yellowpages.com/search?search_terms=autoglass&geo_location_terms=66049&page=1,Kansas,66049,FALSE
52,52,52,52,30344,https://www.yellowpages.com/search?search_terms=autoglass&geo_location_terms=66050&page=1,Kansas,66050,FALSE
53,53,53,53,30345,https://www.yellowpages.com/search?search_terms=autoglass&geo_location_terms=66050&page=2,Kansas,66050,FALSE
54,54,54,54,30346,https://www.yellowpages.com/search?search_terms=autoglass&geo_location_terms=66052&page=1,Kansas,66052,FALSE
55,55,55,55,30347,https://www.yellowpages.com/search?search_terms=autoglass&geo_location_terms=66052&page=2,Kansas,66052,FALSE
56,56,56,56,30348,https://www.yellowpages.com/search?search_terms=autoglass&geo_location_terms=66052&page=3,Kansas,66052,FALSE
57,57,57,57,30349,https://www.yellowpages.com/search?search_terms=autoglass&geo_location_terms=66052&page=4,Kansas,66052,FALSE
58,58,58,58,30350,https://www.yellowpages.com/search?search_terms=autoglass&geo_location_terms=66053&page=1,Kansas,66053,FALSE
59,59,59,59,30351,https://www.yellowpages.com/search?search_terms=autoglass&geo_location_terms=66054&page=1,Kansas,66054,FALSE
60,60,60,60,30352,https://www.yellowpages.com/search?search_terms=autoglass&geo_location_terms=66056&page=1,Kansas,66056,FALSE
61,61,61,61,30353,https://www.yellowpages.com/search?search_terms=autoglass&geo_location_terms=66058&page=1,Kansas,66058,FALSE
62,62,62,62,30354,https://www.yellowpages.com/search?search_terms=autoglass&geo_location_terms=66060&page=1,Kansas,66060,FALSE
63,63,63,63,30355,https://www.yellowpages.com/search?search_terms=autoglass&geo_location_terms=66061&page=1,Kansas,66061,FALSE
64,64,64,64,30356,https://www.yellowpages.com/search?search_terms=autoglass&geo_location_terms=66061&page=2,Kansas,66061,FALSE
65,65,65,65,30357,https://www.yellowpages.com/search?search_terms=autoglass&geo_location_terms=66061&page=3,Kansas,66061,FALSE
66,66,66,66,30358,https://www.yellowpages.com/search?search_terms=autoglass&geo_location_terms=66061&page=4,Kansas,66061,FALSE
67,67,67,67,30359,https://www.yellowpages.com/search?search_terms=autoglass&geo_location_terms=66061&page=5,Kansas,66061,FALSE
68,68,68,68,30360,https://www.yellowpages.com/search?search_terms=autoglass&geo_location_terms=66062&page=1,Kansas,66062,FALSE
69,69,69,69,30361,https://www.yellowpages.com/search?search_terms=autoglass&geo_location_terms=66062&page=2,Kansas,66062,FALSE
70,70,70,70,30362,https://www.yellowpages.com/search?search_terms=autoglass&geo_location_terms=66062&page=3,Kansas,66062,FALSE
71,71,71,71,30363,https://www.yellowpages.com/search?search_terms=autoglass&geo_location_terms=66062&page=4,Kansas,66062,FALSE
72,72,72,72,30364,https://www.yellowpages.com/search?search_terms=autoglass&geo_location_terms=66062&page=5,Kansas,66062,FALSE
73,73,73,73,30365,https://www.yellowpages.com/search?search_terms=autoglass&geo_location_terms=66064&page=1,Kansas,66064,FALSE
74,74,74,74,30366,https://www.yellowpages.com/search?search_terms=autoglass&geo_location_terms=66066&page=1,Kansas,66066,FALSE
75,75,75,75,30367,https://www.yellowpages.com/search?search_terms=autoglass&geo_location_terms=66067&page=1,Kansas,66067,FALSE
76,76,76,76,30368,https://www.yellowpages.com/search?search_terms=autoglass&geo_location_terms=66070&page=1,Kansas,66070,FALSE
77,77,77,77,30369,https://www.yellowpages.com/search?search_terms=autoglass&geo_location_terms=66071&page=1,Kansas,66071,FALSE
78,78,78,78,30370,https://www.yellowpages.com/search?search_terms=autoglass&geo_location_terms=66072&page=1,Kansas,66072,FALSE
79,79,79,79,30371,https://www.yellowpages.com/search?search_terms=autoglass&geo_location_terms=66073&page=1,Kansas,66073,FALSE
80,80,80,80,30372,https://www.yellowpages.com/search?search_terms=autoglass&geo_location_terms=66073&page=2,Kansas,66073,FALSE
81,81,81,81,30373,https://www.yellowpages.com/search?search_terms=autoglass&geo_location_terms=66075&page=1,Kansas,66075,FALSE
82,82,82,82,30374,https://www.yellowpages.com/search?search_terms=autoglass&geo_location_terms=66076&page=1,Kansas,66076,FALSE
83,83,83,83,30375,https://www.yellowpages.com/search?search_terms=autoglass&geo_location_terms=66078&page=1,Kansas,66078,FALSE
84,84,84,84,30376,https://www.yellowpages.com/search?search_terms=autoglass&geo_location_terms=66079&page=1,Kansas,66079,FALSE
85,85,85,85,30377,https://www.yellowpages.com/search?search_terms=autoglass&geo_location_terms=66080&page=1,Kansas,66080,FALSE
86,86,86,86,30378,https://www.yellowpages.com/search?search_terms=autoglass&geo_location_terms=66083&page=1,Kansas,66083,FALSE
87,87,87,87,30379,https://www.yellowpages.com/search?search_terms=autoglass&geo_location_terms=66083&page=2,Kansas,66083,FALSE
88,88,88,88,30380,https://www.yellowpages.com/search?search_terms=autoglass&geo_location_terms=66083&page=3,Kansas,66083,FALSE
89,89,89,89,30381,https://www.yellowpages.com/search?search_terms=autoglass&geo_location_terms=66085&page=1,Kansas,66085,FALSE
90,90,90,90,30382,https://www.yellowpages.com/search?search_terms=autoglass&geo_location_terms=66085&page=2,Kansas,66085,FALSE
91,91,91,91,30383,https://www.yellowpages.com/search?search_terms=autoglass&geo_location_terms=66085&page=3,Kansas,66085,FALSE
92,92,92,92,30384,https://www.yellowpages.com/search?search_terms=autoglass&geo_location_terms=66085&page=4,Kansas,66085,FALSE
93,93,93,93,30385,https://www.yellowpages.com/search?search_terms=autoglass&geo_location_terms=66085&page=5,Kansas,66085,FALSE
94,94,94,94,30386,https://www.yellowpages.com/search?search_terms=autoglass&geo_location_terms=66086&page=1,Kansas,66086,FALSE
95,95,95,95,30387,https://www.yellowpages.com/search?search_terms=autoglass&geo_location_terms=66086&page=2,Kansas,66086,FALSE
96,96,96,96,30388,https://www.yellowpages.com/search?search_terms=autoglass&geo_location_terms=66087&page=1,Kansas,66087,FALSE
97,97,97,97,30389,https://www.yellowpages.com/search?search_terms=autoglass&geo_location_terms=66088&page=1,Kansas,66088,FALSE
98,98,98,98,30390,https://www.yellowpages.com/search?search_terms=autoglass&geo_location_terms=66090&page=1,Kansas,66090,FALSE
99,99,99,99,30391,https://www.yellowpages.com/search?search_terms=autoglass&geo_location_terms=66091&page=1,Kansas,66091,FALSE
100,100,100,100,30392,https://www.yellowpages.com/search?search_terms=autoglass&geo_location_terms=66092&page=1,Kansas,66092,FALSE
101,101,101,101,30393,https://www.yellowpages.com/search?search_terms=autoglass&geo_location_terms=66093&page=1,Kansas,66093,FALSE
102,102,102,102,30394,https://www.yellowpages.com/search?search_terms=autoglass&geo_location_terms=66094&page=1,Kansas,66094,FALSE
103,103,103,103,30395,https://www.yellowpages.com/search?search_terms=autoglass&geo_location_terms=66095&page=1,Kansas,66095,FALSE
104,104,104,104,30396,https://www.yellowpages.com/search?search_terms=autoglass&geo_location_terms=66097&page=1,Kansas,66097,FALSE
105,105,105,105,30397,https://www.yellowpages.com/search?search_terms=autoglass&geo_location_terms=66101&page=1,Kansas,66101,FALSE
106,106,106,106,30398,https://www.yellowpages.com/search?search_terms=autoglass&geo_location_terms=66101&page=2,Kansas,66101,FALSE
107,107,107,107,30399,https://www.yellowpages.com/search?search_terms=autoglass&geo_location_terms=66101&page=3,Kansas,66101,FALSE
108,108,108,108,30400,https://www.yellowpages.com/search?search_terms=autoglass&geo_location_terms=66101&page=4,Kansas,66101,FALSE
109,109,109,109,30401,https://www.yellowpages.com/search?search_terms=autoglass&geo_location_terms=66101&page=5,Kansas,66101,FALSE
110,110,110,110,30402,https://www.yellowpages.com/search?search_terms=autoglass&geo_location_terms=66101&page=6,Kansas,66101,FALSE
111,111,111,111,30403,https://www.yellowpages.com/search?search_terms=autoglass&geo_location_terms=66101&page=7,Kansas,66101,FALSE
112,112,112,112,30404,https://www.yellowpages.com/search?search_terms=autoglass&geo_location_terms=66101&page=8,Kansas,66101,FALSE
113,113,113,113,30405,https://www.yellowpages.com/search?search_terms=autoglass&geo_location_terms=66102&page=1,Kansas,66102,FALSE
114,114,114,114,30406,https://www.yellowpages.com/search?search_terms=autoglass&geo_location_terms=66102&page=2,Kansas,66102,FALSE
115,115,115,115,30407,https://www.yellowpages.com/search?search_terms=autoglass&geo_location_terms=66102&page=3,Kansas,66102,FALSE
116,116,116,116,30408,https://www.yellowpages.com/search?search_terms=autoglass&geo_location_terms=66102&page=4,Kansas,66102,FALSE
117,117,117,117,30409,https://www.yellowpages.com/search?search_terms=autoglass&geo_location_terms=66102&page=5,Kansas,66102,FALSE
118,118,118,118,30410,https://www.yellowpages.com/search?search_terms=autoglass&geo_location_terms=66102&page=6,Kansas,66102,FALSE
119,119,119,119,30411,https://www.yellowpages.com/search?search_terms=autoglass&geo_location_terms=66102&page=7,Kansas,66102,FALSE
120,120,120,120,30412,https://www.yellowpages.com/search?search_terms=autoglass&geo_location_terms=66102&page=8,Kansas,66102,FALSE
121,121,121,121,30413,https://www.yellowpages.com/search?search_terms=autoglass&geo_location_terms=66103&page=1,Kansas,66103,FALSE
122,122,122,122,30414,https://www.yellowpages.com/search?search_terms=autoglass&geo_location_terms=66103&page=2,Kansas,66103,FALSE
123,123,123,123,30415,https://www.yellowpages.com/search?search_terms=autoglass&geo_location_terms=66103&page=3,Kansas,66103,FALSE
124,124,124,124,30416,https://www.yellowpages.com/search?search_terms=autoglass&geo_location_terms=66103&page=4,Kansas,66103,FALSE
125,125,125,125,30417,https://www.yellowpages.com/search?search_terms=autoglass&geo_location_terms=66103&page=5,Kansas,66103,FALSE
126,126,126,126,30418,https://www.yellowpages.com/search?search_terms=autoglass&geo_location_terms=66103&page=6,Kansas,66103,FALSE
127,127,127,127,30419,https://www.yellowpages.com/search?search_terms=autoglass&geo_location_terms=66103&page=7,Kansas,66103,FALSE
128,128,128,128,30420,https://www.yellowpages.com/search?search_terms=autoglass&geo_location_terms=66103&page=8,Kansas,66103,FALSE
129,129,129,129,30421,https://www.yellowpages.com/search?search_terms=autoglass&geo_location_terms=66104&page=1,Kansas,66104,FALSE
130,130,130,130,30422,https://www.yellowpages.com/search?search_terms=autoglass&geo_location_terms=66104&page=2,Kansas,66104,FALSE
131,131,131,131,30423,https://www.yellowpages.com/search?search_terms=autoglass&geo_location_terms=66104&page=3,Kansas,66104,FALSE
132,132,132,132,30424,https://www.yellowpages.com/search?search_terms=autoglass&geo_location_terms=66104&page=4,Kansas,66104,FALSE
133,133,133,133,30425,https://www.yellowpages.com/search?search_terms=autoglass&geo_location_terms=66104&page=5,Kansas,66104,FALSE
134,134,134,134,30426,https://www.yellowpages.com/search?search_terms=autoglass&geo_location_terms=66104&page=6,Kansas,66104,FALSE
135,135,135,135,30427,https://www.yellowpages.com/search?search_terms=autoglass&geo_location_terms=66104&page=7,Kansas,66104,FALSE
136,136,136,136,30428,https://www.yellowpages.com/search?search_terms=autoglass&geo_location_terms=66105&page=1,Kansas,66105,FALSE
137,137,137,137,30429,https://www.yellowpages.com/search?search_terms=autoglass&geo_location_terms=66105&page=2,Kansas,66105,FALSE
138,138,138,138,30430,https://www.yellowpages.com/search?search_terms=autoglass&geo_location_terms=66105&page=3,Kansas,66105,FALSE
139,139,139,139,30431,https://www.yellowpages.com/search?search_terms=autoglass&geo_location_terms=66105&page=4,Kansas,66105,FALSE
140,140,140,140,30432,https://www.yellowpages.com/search?search_terms=autoglass&geo_location_terms=66105&page=5,Kansas,66105,FALSE
141,141,141,141,30433,https://www.yellowpages.com/search?search_terms=autoglass&geo_location_terms=66105&page=6,Kansas,66105,FALSE
142,142,142,142,30434,https://www.yellowpages.com/search?search_terms=autoglass&geo_location_terms=66105&page=7,Kansas,66105,FALSE
143,143,143,143,30435,https://www.yellowpages.com/search?search_terms=autoglass&geo_location_terms=66106&page=1,Kansas,66106,FALSE
144,144,144,144,30436,https://www.yellowpages.com/search?search_terms=autoglass&geo_location_terms=66106&page=2,Kansas,66106,FALSE
145,145,145,145,30437,https://www.yellowpages.com/search?search_terms=autoglass&geo_location_terms=66106&page=3,Kansas,66106,FALSE
146,146,146,146,30438,https://www.yellowpages.com/search?search_terms=autoglass&geo_location_terms=66106&page=4,Kansas,66106,FALSE
147,147,147,147,30439,https://www.yellowpages.com/search?search_terms=autoglass&geo_location_terms=66106&page=5,Kansas,66106,FALSE
148,148,148,148,30440,https://www.yellowpages.com/search?search_terms=autoglass&geo_location_terms=66106&page=6,Kansas,66106,FALSE
149,149,149,149,30441,https://www.yellowpages.com/search?search_terms=autoglass&geo_location_terms=66106&page=7,Kansas,66106,FALSE
150,150,150,150,30442,https://www.yellowpages.com/search?search_terms=autoglass&geo_location_terms=66106&page=8,Kansas,66106,FALSE
151,151,151,151,30443,https://www.yellowpages.com/search?search_terms=autoglass&geo_location_terms=66109&page=1,Kansas,66109,FALSE
152,152,152,152,30444,https://www.yellowpages.com/search?search_terms=autoglass&geo_location_terms=66109&page=2,Kansas,66109,FALSE
153,153,153,153,30445,https://www.yellowpages.com/search?search_terms=autoglass&geo_location_terms=66109&page=3,Kansas,66109,FALSE
154,154,154,154,30446,https://www.yellowpages.com/search?search_terms=autoglass&geo_location_terms=66109&page=4,Kansas,66109,FALSE
155,155,155,155,30447,https://www.yellowpages.com/search?search_terms=autoglass&geo_location_terms=66109&page=5,Kansas,66109,FALSE
156,156,156,156,30448,https://www.yellowpages.com/search?search_terms=autoglass&geo_location_terms=66109&page=6,Kansas,66109,FALSE
157,157,157,157,30449,https://www.yellowpages.com/search?search_terms=autoglass&geo_location_terms=66111&page=1,Kansas,66111,FALSE
158,158,158,158,30450,https://www.yellowpages.com/search?search_terms=autoglass&geo_location_terms=66111&page=2,Kansas,66111,FALSE
159,159,159,159,30451,https://www.yellowpages.com/search?search_terms=autoglass&geo_location_terms=66111&page=3,Kansas,66111,FALSE
160,160,160,160,30452,https://www.yellowpages.com/search?search_terms=autoglass&geo_location_terms=66111&page=4,Kansas,66111,FALSE
161,161,161,161,30453,https://www.yellowpages.com/search?search_terms=autoglass&geo_location_terms=66111&page=5,Kansas,66111,FALSE
162,162,162,162,30454,https://www.yellowpages.com/search?search_terms=autoglass&geo_location_terms=66111&page=6,Kansas,66111,FALSE
163,163,163,163,30455,https://www.yellowpages.com/search?search_terms=autoglass&geo_location_terms=66111&page=7,Kansas,66111,FALSE
164,164,164,164,30456,https://www.yellowpages.com/search?search_terms=autoglass&geo_location_terms=66112&page=1,Kansas,66112,FALSE
165,165,165,165,30457,https://www.yellowpages.com/search?search_terms=autoglass&geo_location_terms=66112&page=2,Kansas,66112,FALSE
166,166,166,166,30458,https://www.yellowpages.com/search?search_terms=autoglass&geo_location_terms=66112&page=3,Kansas,66112,FALSE
167,167,167,167,30459,https://www.yellowpages.com/search?search_terms=autoglass&geo_location_terms=66112&page=4,Kansas,66112,FALSE
168,168,168,168,30460,https://www.yellowpages.com/search?search_terms=autoglass&geo_location_terms=66112&page=5,Kansas,66112,FALSE
169,169,169,169,30461,https://www.yellowpages.com/search?search_terms=autoglass&geo_location_terms=66112&page=6,Kansas,66112,FALSE
170,170,170,170,30462,https://www.yellowpages.com/search?search_terms=autoglass&geo_location_terms=66115&page=1,Kansas,66115,FALSE
171,171,171,171,30463,https://www.yellowpages.com/search?search_terms=autoglass&geo_location_terms=66115&page=2,Kansas,66115,FALSE
172,172,172,172,30464,https://www.yellowpages.com/search?search_terms=autoglass&geo_location_terms=66115&page=3,Kansas,66115,FALSE
173,173,173,173,30465,https://www.yellowpages.com/search?search_terms=autoglass&geo_location_terms=66115&page=4,Kansas,66115,FALSE
174,174,174,174,30466,https://www.yellowpages.com/search?search_terms=autoglass&geo_location_terms=66115&page=5,Kansas,66115,FALSE
175,175,175,175,30467,https://www.yellowpages.com/search?search_terms=autoglass&geo_location_terms=66115&page=6,Kansas,66115,FALSE
176,176,176,176,30468,https://www.yellowpages.com/search?search_terms=autoglass&geo_location_terms=66115&page=7,Kansas,66115,FALSE
177,177,177,177,30469,https://www.yellowpages.com/search?search_terms=autoglass&geo_location_terms=66115&page=8,Kansas,66115,FALSE
178,178,178,178,30470,https://www.yellowpages.com/search?search_terms=autoglass&geo_location_terms=66118&page=1,Kansas,66118,FALSE
179,179,179,179,30471,https://www.yellowpages.com/search?search_terms=autoglass&geo_location_terms=66118&page=2,Kansas,66118,FALSE
180,180,180,180,30472,https://www.yellowpages.com/search?search_terms=autoglass&geo_location_terms=66118&page=3,Kansas,66118,FALSE
181,181,181,181,30473,https://www.yellowpages.com/search?search_terms=autoglass&geo_location_terms=66118&page=4,Kansas,66118,FALSE
182,182,182,182,30474,https://www.yellowpages.com/search?search_terms=autoglass&geo_location_terms=66118&page=5,Kansas,66118,FALSE
183,183,183,183,30475,https://www.yellowpages.com/search?search_terms=autoglass&geo_location_terms=66118&page=6,Kansas,66118,FALSE
184,184,184,184,30476,https://www.yellowpages.com/search?search_terms=autoglass&geo_location_terms=66118&page=7,Kansas,66118,FALSE
185,185,185,185,30477,https://www.yellowpages.com/search?search_terms=autoglass&geo_location_terms=66202&page=1,Kansas,66202,FALSE
186,186,186,186,30478,https://www.yellowpages.com/search?search_terms=autoglass&geo_location_terms=66202&page=2,Kansas,66202,FALSE
187,187,187,187,30479,https://www.yellowpages.com/search?search_terms=autoglass&geo_location_terms=66202&page=3,Kansas,66202,FALSE
188,188,188,188,30480,https://www.yellowpages.com/search?search_terms=autoglass&geo_location_terms=66202&page=4,Kansas,66202,FALSE
189,189,189,189,30481,https://www.yellowpages.com/search?search_terms=autoglass&geo_location_terms=66202&page=5,Kansas,66202,FALSE
190,190,190,190,30482,https://www.yellowpages.com/search?search_terms=autoglass&geo_location_terms=66202&page=6,Kansas,66202,FALSE
191,191,191,191,30483,https://www.yellowpages.com/search?search_terms=autoglass&geo_location_terms=66202&page=7,Kansas,66202,FALSE
192,192,192,192,30484,https://www.yellowpages.com/search?search_terms=autoglass&geo_location_terms=66202&page=8,Kansas,66202,FALSE
193,193,193,193,30485,https://www.yellowpages.com/search?search_terms=autoglass&geo_location_terms=66203&page=1,Kansas,66203,FALSE
194,194,194,194,30486,https://www.yellowpages.com/search?search_terms=autoglass&geo_location_terms=66203&page=2,Kansas,66203,FALSE
195,195,195,195,30487,https://www.yellowpages.com/search?search_terms=autoglass&geo_location_terms=66203&page=3,Kansas,66203,FALSE
196,196,196,196,30488,https://www.yellowpages.com/search?search_terms=autoglass&geo_location_terms=66203&page=4,Kansas,66203,FALSE
197,197,197,197,30489,https://www.yellowpages.com/search?search_terms=autoglass&geo_location_terms=66203&page=5,Kansas,66203,FALSE
198,198,198,198,30490,https://www.yellowpages.com/search?search_terms=autoglass&geo_location_terms=66203&page=6,Kansas,66203,FALSE
199,199,199,199,30491,https://www.yellowpages.com/search?search_terms=autoglass&geo_location_terms=66203&page=7,Kansas,66203,FALSE
200,200,200,200,30492,https://www.yellowpages.com/search?search_terms=autoglass&geo_location_terms=66203&page=8,Kansas,66203,FALSE
201,201,201,201,30493,https://www.yellowpages.com/search?search_terms=autoglass&geo_location_terms=66204&page=1,Kansas,66204,FALSE
202,202,202,202,30494,https://www.yellowpages.com/search?search_terms=autoglass&geo_location_terms=66204&page=2,Kansas,66204,FALSE
203,203,203,203,30495,https://www.yellowpages.com/search?search_terms=autoglass&geo_location_terms=66204&page=3,Kansas,66204,FALSE
204,204,204,204,30496,https://www.yellowpages.com/search?search_terms=autoglass&geo_location_terms=66204&page=4,Kansas,66204,FALSE
205,205,205,205,30497,https://www.yellowpages.com/search?search_terms=autoglass&geo_location_terms=66204&page=5,Kansas,66204,FALSE
206,206,206,206,30498,https://www.yellowpages.com/search?search_terms=autoglass&geo_location_terms=66204&page=6,Kansas,66204,FALSE
207,207,207,207,30499,https://www.yellowpages.com/search?search_terms=autoglass&geo_location_terms=66204&page=7,Kansas,66204,FALSE
208,208,208,208,30500,https://www.yellowpages.com/search?search_terms=autoglass&geo_location_terms=66204&page=8,Kansas,66204,FALSE
209,209,209,209,30501,https://www.yellowpages.com/search?search_terms=autoglass&geo_location_terms=66205&page=1,Kansas,66205,FALSE
210,210,210,210,30502,https://www.yellowpages.com/search?search_terms=autoglass&geo_location_terms=66205&page=2,Kansas,66205,FALSE
211,211,211,211,30503,https://www.yellowpages.com/search?search_terms=autoglass&geo_location_terms=66205&page=3,Kansas,66205,FALSE
212,212,212,212,30504,https://www.yellowpages.com/search?search_terms=autoglass&geo_location_terms=66205&page=4,Kansas,66205,FALSE
213,213,213,213,30505,https://www.yellowpages.com/search?search_terms=autoglass&geo_location_terms=66205&page=5,Kansas,66205,FALSE
214,214,214,214,30506,https://www.yellowpages.com/search?search_terms=autoglass&geo_location_terms=66205&page=6,Kansas,66205,FALSE
215,215,215,215,30507,https://www.yellowpages.com/search?search_terms=autoglass&geo_location_terms=66205&page=7,Kansas,66205,FALSE
216,216,216,216,30508,https://www.yellowpages.com/search?search_terms=autoglass&geo_location_terms=66205&page=8,Kansas,66205,FALSE
217,217,217,217,30509,https://www.yellowpages.com/search?search_terms=autoglass&geo_location_terms=66206&page=1,Kansas,66206,FALSE
218,218,218,218,30510,https://www.yellowpages.com/search?search_terms=autoglass&geo_location_terms=66206&page=2,Kansas,66206,FALSE
219,219,219,219,30511,https://www.yellowpages.com/search?search_terms=autoglass&geo_location_terms=66206&page=3,Kansas,66206,FALSE
220,220,220,220,30512,https://www.yellowpages.com/search?search_terms=autoglass&geo_location_terms=66206&page=4,Kansas,66206,FALSE
221,221,221,221,30513,https://www.yellowpages.com/search?search_terms=autoglass&geo_location_terms=66206&page=5,Kansas,66206,FALSE
222,222,222,222,30514,https://www.yellowpages.com/search?search_terms=autoglass&geo_location_terms=66206&page=6,Kansas,66206,FALSE
223,223,223,223,30515,https://www.yellowpages.com/search?search_terms=autoglass&geo_location_terms=66206&page=7,Kansas,66206,FALSE
224,224,224,224,30516,https://www.yellowpages.com/search?search_terms=autoglass&geo_location_terms=66206&page=8,Kansas,66206,FALSE
225,225,225,225,30517,https://www.yellowpages.com/search?search_terms=autoglass&geo_location_terms=66207&page=1,Kansas,66207,FALSE
226,226,226,226,30518,https://www.yellowpages.com/search?search_terms=autoglass&geo_location_terms=66207&page=2,Kansas,66207,FALSE
227,227,227,227,30519,https://www.yellowpages.com/search?search_terms=autoglass&geo_location_terms=66207&page=3,Kansas,66207,FALSE
228,228,228,228,30520,https://www.yellowpages.com/search?search_terms=autoglass&geo_location_terms=66207&page=4,Kansas,66207,FALSE
229,229,229,229,30521,https://www.yellowpages.com/search?search_terms=autoglass&geo_location_terms=66207&page=5,Kansas,66207,FALSE
230,230,230,230,30522,https://www.yellowpages.com/search?search_terms=autoglass&geo_location_terms=66207&page=6,Kansas,66207,FALSE
231,231,231,231,30523,https://www.yellowpages.com/search?search_terms=autoglass&geo_location_terms=66207&page=7,Kansas,66207,FALSE
232,232,232,232,30524,https://www.yellowpages.com/search?search_terms=autoglass&geo_location_terms=66207&page=8,Kansas,66207,FALSE
233,233,233,233,30525,https://www.yellowpages.com/search?search_terms=autoglass&geo_location_terms=66208&page=1,Kansas,66208,FALSE
234,234,234,234,30526,https://www.yellowpages.com/search?search_terms=autoglass&geo_location_terms=66208&page=2,Kansas,66208,FALSE
235,235,235,235,30527,https://www.yellowpages.com/search?search_terms=autoglass&geo_location_terms=66208&page=3,Kansas,66208,FALSE
236,236,236,236,30528,https://www.yellowpages.com/search?search_terms=autoglass&geo_location_terms=66208&page=4,Kansas,66208,FALSE
237,237,237,237,30529,https://www.yellowpages.com/search?search_terms=autoglass&geo_location_terms=66208&page=5,Kansas,66208,FALSE
238,238,238,238,30530,https://www.yellowpages.com/search?search_terms=autoglass&geo_location_terms=66208&page=6,Kansas,66208,FALSE
239,239,239,239,30531,https://www.yellowpages.com/search?search_terms=autoglass&geo_location_terms=66208&page=7,Kansas,66208,FALSE
240,240,240,240,30532,https://www.yellowpages.com/search?search_terms=autoglass&geo_location_terms=66208&page=8,Kansas,66208,FALSE
241,241,241,241,30533,https://www.yellowpages.com/search?search_terms=autoglass&geo_location_terms=66208&page=9,Kansas,66208,FALSE
242,242,242,242,30534,https://www.yellowpages.com/search?search_terms=autoglass&geo_location_terms=66209&page=1,Kansas,66209,FALSE
243,243,243,243,30535,https://www.yellowpages.com/search?search_terms=autoglass&geo_location_terms=66209&page=2,Kansas,66209,FALSE
244,244,244,244,30536,https://www.yellowpages.com/search?search_terms=autoglass&geo_location_terms=66209&page=3,Kansas,66209,FALSE
245,245,245,245,30537,https://www.yellowpages.com/search?search_terms=autoglass&geo_location_terms=66209&page=4,Kansas,66209,FALSE
246,246,246,246,30538,https://www.yellowpages.com/search?search_terms=autoglass&geo_location_terms=66209&page=5,Kansas,66209,FALSE
247,247,247,247,30539,https://www.yellowpages.com/search?search_terms=autoglass&geo_location_terms=66209&page=6,Kansas,66209,FALSE
248,248,248,248,30540,https://www.yellowpages.com/search?search_terms=autoglass&geo_location_terms=66209&page=7,Kansas,66209,FALSE
249,249,249,249,30541,https://www.yellowpages.com/search?search_terms=autoglass&geo_location_terms=66209&page=8,Kansas,66209,FALSE
250,250,250,250,30542,https://www.yellowpages.com/search?search_terms=autoglass&geo_location_terms=66210&page=1,Kansas,66210,FALSE
251,251,251,251,30543,https://www.yellowpages.com/search?search_terms=autoglass&geo_location_terms=66210&page=2,Kansas,66210,FALSE
252,252,252,252,30544,https://www.yellowpages.com/search?search_terms=autoglass&geo_location_terms=66210&page=3,Kansas,66210,FALSE
253,253,253,253,30545,https://www.yellowpages.com/search?search_terms=autoglass&geo_location_terms=66210&page=4,Kansas,66210,FALSE
254,254,254,254,30546,https://www.yellowpages.com/search?search_terms=autoglass&geo_location_terms=66210&page=5,Kansas,66210,FALSE
255,255,255,255,30547,https://www.yellowpages.com/search?search_terms=autoglass&geo_location_terms=66210&page=6,Kansas,66210,FALSE
256,256,256,256,30548,https://www.yellowpages.com/search?search_terms=autoglass&geo_location_terms=66210&page=7,Kansas,66210,FALSE
257,257,257,257,30549,https://www.yellowpages.com/search?search_terms=autoglass&geo_location_terms=66211&page=1,Kansas,66211,FALSE
258,258,258,258,30550,https://www.yellowpages.com/search?search_terms=autoglass&geo_location_terms=66211&page=2,Kansas,66211,FALSE
259,259,259,259,30551,https://www.yellowpages.com/search?search_terms=autoglass&geo_location_terms=66211&page=3,Kansas,66211,FALSE
260,260,260,260,30552,https://www.yellowpages.com/search?search_terms=autoglass&geo_location_terms=66211&page=4,Kansas,66211,FALSE
261,261,261,261,30553,https://www.yellowpages.com/search?search_terms=autoglass&geo_location_terms=66211&page=5,Kansas,66211,FALSE
262,262,262,262,30554,https://www.yellowpages.com/search?search_terms=autoglass&geo_location_terms=66211&page=6,Kansas,66211,FALSE
263,263,263,263,30555,https://www.yellowpages.com/search?search_terms=autoglass&geo_location_terms=66211&page=7,Kansas,66211,FALSE
264,264,264,264,30556,https://www.yellowpages.com/search?search_terms=autoglass&geo_location_terms=66211&page=8,Kansas,66211,FALSE
265,265,265,265,30557,https://www.yellowpages.com/search?search_terms=autoglass&geo_location_terms=66212&page=1,Kansas,66212,FALSE
266,266,266,266,30558,https://www.yellowpages.com/search?search_terms=autoglass&geo_location_terms=66212&page=2,Kansas,66212,FALSE
267,267,267,267,30559,https://www.yellowpages.com/search?search_terms=autoglass&geo_location_terms=66212&page=3,Kansas,66212,FALSE
268,268,268,268,30560,https://www.yellowpages.com/search?search_terms=autoglass&geo_location_terms=66212&page=4,Kansas,66212,FALSE
269,269,269,269,30561,https://www.yellowpages.com/search?search_terms=autoglass&geo_location_terms=66212&page=5,Kansas,66212,FALSE
270,270,270,270,30562,https://www.yellowpages.com/search?search_terms=autoglass&geo_location_terms=66212&page=6,Kansas,66212,FALSE
271,271,271,271,30563,https://www.yellowpages.com/search?search_terms=autoglass&geo_location_terms=66212&page=7,Kansas,66212,FALSE
272,272,272,272,30564,https://www.yellowpages.com/search?search_terms=autoglass&geo_location_terms=66212&page=8,Kansas,66212,FALSE
273,273,273,273,30565,https://www.yellowpages.com/search?search_terms=autoglass&geo_location_terms=66213&page=1,Kansas,66213,FALSE
274,274,274,274,30566,https://www.yellowpages.com/search?search_terms=autoglass&geo_location_terms=66213&page=2,Kansas,66213,FALSE
275,275,275,275,30567,https://www.yellowpages.com/search?search_terms=autoglass&geo_location_terms=66213&page=3,Kansas,66213,FALSE
276,276,276,276,30568,https://www.yellowpages.com/search?search_terms=autoglass&geo_location_terms=66213&page=4,Kansas,66213,FALSE
277,277,277,277,30569,https://www.yellowpages.com/search?search_terms=autoglass&geo_location_terms=66213&page=5,Kansas,66213,FALSE
278,278,278,278,30570,https://www.yellowpages.com/search?search_terms=autoglass&geo_location_terms=66213&page=6,Kansas,66213,FALSE
279,279,279,279,30571,https://www.yellowpages.com/search?search_terms=autoglass&geo_location_terms=66214&page=1,Kansas,66214,FALSE
280,280,280,280,30572,https://www.yellowpages.com/search?search_terms=autoglass&geo_location_terms=66214&page=2,Kansas,66214,FALSE
281,281,281,281,30573,https://www.yellowpages.com/search?search_terms=autoglass&geo_location_terms=66214&page=3,Kansas,66214,FALSE
282,282,282,282,30574,https://www.yellowpages.com/search?search_terms=autoglass&geo_location_terms=66214&page=4,Kansas,66214,FALSE
283,283,283,283,30575,https://www.yellowpages.com/search?search_terms=autoglass&geo_location_terms=66214&page=5,Kansas,66214,FALSE
284,284,284,284,30576,https://www.yellowpages.com/search?search_terms=autoglass&geo_location_terms=66214&page=6,Kansas,66214,FALSE
285,285,285,285,30577,https://www.yellowpages.com/search?search_terms=autoglass&geo_location_terms=66214&page=7,Kansas,66214,FALSE
286,286,286,286,30578,https://www.yellowpages.com/search?search_terms=autoglass&geo_location_terms=66215&page=1,Kansas,66215,FALSE
287,287,287,287,30579,https://www.yellowpages.com/search?search_terms=autoglass&geo_location_terms=66215&page=2,Kansas,66215,FALSE
288,288,288,288,30580,https://www.yellowpages.com/search?search_terms=autoglass&geo_location_terms=66215&page=3,Kansas,66215,FALSE
289,289,289,289,30581,https://www.yellowpages.com/search?search_terms=autoglass&geo_location_terms=66215&page=4,Kansas,66215,FALSE
290,290,290,290,30582,https://www.yellowpages.com/search?search_terms=autoglass&geo_location_terms=66215&page=5,Kansas,66215,FALSE
291,291,291,291,30583,https://www.yellowpages.com/search?search_terms=autoglass&geo_location_terms=66215&page=6,Kansas,66215,FALSE
292,292,292,292,30584,https://www.yellowpages.com/search?search_terms=autoglass&geo_location_terms=66215&page=7,Kansas,66215,FALSE
293,293,293,293,30585,https://www.yellowpages.com/search?search_terms=autoglass&geo_location_terms=66216&page=1,Kansas,66216,FALSE
294,294,294,294,30586,https://www.yellowpages.com/search?search_terms=autoglass&geo_location_terms=66216&page=2,Kansas,66216,FALSE
295,295,295,295,30587,https://www.yellowpages.com/search?search_terms=autoglass&geo_location_terms=66216&page=3,Kansas,66216,FALSE
296,296,296,296,30588,https://www.yellowpages.com/search?search_terms=autoglass&geo_location_terms=66216&page=4,Kansas,66216,FALSE
297,297,297,297,30589,https://www.yellowpages.com/search?search_terms=autoglass&geo_location_terms=66216&page=5,Kansas,66216,FALSE
298,298,298,298,30590,https://www.yellowpages.com/search?search_terms=autoglass&geo_location_terms=66216&page=6,Kansas,66216,FALSE
299,299,299,299,30591,https://www.yellowpages.com/search?search_terms=autoglass&geo_location_terms=66216&page=7,Kansas,66216,FALSE
300,300,300,300,30592,https://www.yellowpages.com/search?search_terms=autoglass&geo_location_terms=66216&page=8,Kansas,66216,FALSE
301,301,301,301,30593,https://www.yellowpages.com/search?search_terms=autoglass&geo_location_terms=66217&page=1,Kansas,66217,FALSE
302,302,302,302,30594,https://www.yellowpages.com/search?search_terms=autoglass&geo_location_terms=66217&page=2,Kansas,66217,FALSE
303,303,303,303,30595,https://www.yellowpages.com/search?search_terms=autoglass&geo_location_terms=66217&page=3,Kansas,66217,FALSE
304,304,304,304,30596,https://www.yellowpages.com/search?search_terms=autoglass&geo_location_terms=66217&page=4,Kansas,66217,FALSE
305,305,305,305,30597,https://www.yellowpages.com/search?search_terms=autoglass&geo_location_terms=66217&page=5,Kansas,66217,FALSE
306,306,306,306,30598,https://www.yellowpages.com/search?search_terms=autoglass&geo_location_terms=66217&page=6,Kansas,66217,FALSE
307,307,307,307,30599,https://www.yellowpages.com/search?search_terms=autoglass&geo_location_terms=66217&page=7,Kansas,66217,FALSE
308,308,308,308,30600,https://www.yellowpages.com/search?search_terms=autoglass&geo_location_terms=66218&page=1,Kansas,66218,FALSE
309,309,309,309,30601,https://www.yellowpages.com/search?search_terms=autoglass&geo_location_terms=66218&page=2,Kansas,66218,FALSE
310,310,310,310,30602,https://www.yellowpages.com/search?search_terms=autoglass&geo_location_terms=66218&page=3,Kansas,66218,FALSE
311,311,311,311,30603,https://www.yellowpages.com/search?search_terms=autoglass&geo_location_terms=66218&page=4,Kansas,66218,FALSE
312,312,312,312,30604,https://www.yellowpages.com/search?search_terms=autoglass&geo_location_terms=66218&page=5,Kansas,66218,FALSE
313,313,313,313,30605,https://www.yellowpages.com/search?search_terms=autoglass&geo_location_terms=66218&page=6,Kansas,66218,FALSE
314,314,314,314,30606,https://www.yellowpages.com/search?search_terms=autoglass&geo_location_terms=66219&page=1,Kansas,66219,FALSE
315,315,315,315,30607,https://www.yellowpages.com/search?search_terms=autoglass&geo_location_terms=66219&page=2,Kansas,66219,FALSE
316,316,316,316,30608,https://www.yellowpages.com/search?search_terms=autoglass&geo_location_terms=66219&page=3,Kansas,66219,FALSE
317,317,317,317,30609,https://www.yellowpages.com/search?search_terms=autoglass&geo_location_terms=66219&page=4,Kansas,66219,FALSE
318,318,318,318,30610,https://www.yellowpages.com/search?search_terms=autoglass&geo_location_terms=66219&page=5,Kansas,66219,FALSE
319,319,319,319,30611,https://www.yellowpages.com/search?search_terms=autoglass&geo_location_terms=66219&page=6,Kansas,66219,FALSE
320,320,320,320,30612,https://www.yellowpages.com/search?search_terms=autoglass&geo_location_terms=66220&page=1,Kansas,66220,FALSE
321,321,321,321,30613,https://www.yellowpages.com/search?search_terms=autoglass&geo_location_terms=66220&page=2,Kansas,66220,FALSE
322,322,322,322,30614,https://www.yellowpages.com/search?search_terms=autoglass&geo_location_terms=66220&page=3,Kansas,66220,FALSE
323,323,323,323,30615,https://www.yellowpages.com/search?search_terms=autoglass&geo_location_terms=66220&page=4,Kansas,66220,FALSE
324,324,324,324,30616,https://www.yellowpages.com/search?search_terms=autoglass&geo_location_terms=66220&page=5,Kansas,66220,FALSE
325,325,325,325,30617,https://www.yellowpages.com/search?search_terms=autoglass&geo_location_terms=66220&page=6,Kansas,66220,FALSE
326,326,326,326,30618,https://www.yellowpages.com/search?search_terms=autoglass&geo_location_terms=66221&page=1,Kansas,66221,FALSE
327,327,327,327,30619,https://www.yellowpages.com/search?search_terms=autoglass&geo_location_terms=66221&page=2,Kansas,66221,FALSE
328,328,328,328,30620,https://www.yellowpages.com/search?search_terms=autoglass&geo_location_terms=66221&page=3,Kansas,66221,FALSE
329,329,329,329,30621,https://www.yellowpages.com/search?search_terms=autoglass&geo_location_terms=66221&page=4,Kansas,66221,FALSE
330,330,330,330,30622,https://www.yellowpages.com/search?search_terms=autoglass&geo_location_terms=66221&page=5,Kansas,66221,FALSE
331,331,331,331,30623,https://www.yellowpages.com/search?search_terms=autoglass&geo_location_terms=66221&page=6,Kansas,66221,FALSE
332,332,332,332,30624,https://www.yellowpages.com/search?search_terms=autoglass&geo_location_terms=66223&page=1,Kansas,66223,FALSE
333,333,333,333,30625,https://www.yellowpages.com/search?search_terms=autoglass&geo_location_terms=66223&page=2,Kansas,66223,FALSE
334,334,334,334,30626,https://www.yellowpages.com/search?search_terms=autoglass&geo_location_terms=66223&page=3,Kansas,66223,FALSE
335,335,335,335,30627,https://www.yellowpages.com/search?search_terms=autoglass&geo_location_terms=66223&page=4,Kansas,66223,FALSE
336,336,336,336,30628,https://www.yellowpages.com/search?search_terms=autoglass&geo_location_terms=66223&page=5,Kansas,66223,FALSE
337,337,337,337,30629,https://www.yellowpages.com/search?search_terms=autoglass&geo_location_terms=66223&page=6,Kansas,66223,FALSE
338,338,338,338,30630,https://www.yellowpages.com/search?search_terms=autoglass&geo_location_terms=66224&page=1,Kansas,66224,FALSE
339,339,339,339,30631,https://www.yellowpages.com/search?search_terms=autoglass&geo_location_terms=66224&page=2,Kansas,66224,FALSE
340,340,340,340,30632,https://www.yellowpages.com/search?search_terms=autoglass&geo_location_terms=66224&page=3,Kansas,66224,FALSE
341,341,341,341,30633,https://www.yellowpages.com/search?search_terms=autoglass&geo_location_terms=66224&page=4,Kansas,66224,FALSE
342,342,342,342,30634,https://www.yellowpages.com/search?search_terms=autoglass&geo_location_terms=66224&page=5,Kansas,66224,FALSE
343,343,343,343,30635,https://www.yellowpages.com/search?search_terms=autoglass&geo_location_terms=66224&page=6,Kansas,66224,FALSE
344,344,344,344,30636,https://www.yellowpages.com/search?search_terms=autoglass&geo_location_terms=66224&page=7,Kansas,66224,FALSE
345,345,345,345,30637,https://www.yellowpages.com/search?search_terms=autoglass&geo_location_terms=66226&page=1,Kansas,66226,FALSE
346,346,346,346,30638,https://www.yellowpages.com/search?search_terms=autoglass&geo_location_terms=66226&page=2,Kansas,66226,FALSE
347,347,347,347,30639,https://www.yellowpages.com/search?search_terms=autoglass&geo_location_terms=66226&page=3,Kansas,66226,FALSE
348,348,348,348,30640,https://www.yellowpages.com/search?search_terms=autoglass&geo_location_terms=66226&page=4,Kansas,66226,FALSE
349,349,349,349,30641,https://www.yellowpages.com/search?search_terms=autoglass&geo_location_terms=66226&page=5,Kansas,66226,FALSE
350,350,350,350,30642,https://www.yellowpages.com/search?search_terms=autoglass&geo_location_terms=66227&page=1,Kansas,66227,FALSE
351,351,351,351,30643,https://www.yellowpages.com/search?search_terms=autoglass&geo_location_terms=66227&page=2,Kansas,66227,FALSE
352,352,352,352,30644,https://www.yellowpages.com/search?search_terms=autoglass&geo_location_terms=66227&page=3,Kansas,66227,FALSE
353,353,353,353,30645,https://www.yellowpages.com/search?search_terms=autoglass&geo_location_terms=66227&page=4,Kansas,66227,FALSE
354,354,354,354,30646,https://www.yellowpages.com/search?search_terms=autoglass&geo_location_terms=66227&page=5,Kansas,66227,FALSE
355,355,355,355,30647,https://www.yellowpages.com/search?search_terms=autoglass&geo_location_terms=66227&page=6,Kansas,66227,FALSE
356,356,356,356,30648,https://www.yellowpages.com/search?search_terms=autoglass&geo_location_terms=66401&page=1,Kansas,66401,FALSE
357,357,357,357,30649,https://www.yellowpages.com/search?search_terms=autoglass&geo_location_terms=66402&page=1,Kansas,66402,FALSE
358,358,358,358,30650,https://www.yellowpages.com/search?search_terms=autoglass&geo_location_terms=66403&page=1,Kansas,66403,FALSE
359,359,359,359,30651,https://www.yellowpages.com/search?search_terms=autoglass&geo_location_terms=66404&page=1,Kansas,66404,FALSE
360,360,360,360,30652,https://www.yellowpages.com/search?search_terms=autoglass&geo_location_terms=66406&page=1,Kansas,66406,FALSE
361,361,361,361,30653,https://www.yellowpages.com/search?search_terms=autoglass&geo_location_terms=66407&page=1,Kansas,66407,FALSE
362,362,362,362,30654,https://www.yellowpages.com/search?search_terms=autoglass&geo_location_terms=66408&page=1,Kansas,66408,FALSE
363,363,363,363,30655,https://www.yellowpages.com/search?search_terms=autoglass&geo_location_terms=66409&page=1,Kansas,66409,FALSE
364,364,364,364,30656,https://www.yellowpages.com/search?search_terms=autoglass&geo_location_terms=66411&page=1,Kansas,66411,FALSE
365,365,365,365,30657,https://www.yellowpages.com/search?search_terms=autoglass&geo_location_terms=66412&page=1,Kansas,66412,FALSE
366,366,366,366,30658,https://www.yellowpages.com/search?search_terms=autoglass&geo_location_terms=66413&page=1,Kansas,66413,FALSE
367,367,367,367,30659,https://www.yellowpages.com/search?search_terms=autoglass&geo_location_terms=66414&page=1,Kansas,66414,FALSE
368,368,368,368,30660,https://www.yellowpages.com/search?search_terms=autoglass&geo_location_terms=66415&page=1,Kansas,66415,FALSE
369,369,369,369,30661,https://www.yellowpages.com/search?search_terms=autoglass&geo_location_terms=66416&page=1,Kansas,66416,FALSE
370,370,370,370,30662,https://www.yellowpages.com/search?search_terms=autoglass&geo_location_terms=66417&page=1,Kansas,66417,FALSE
371,371,371,371,30663,https://www.yellowpages.com/search?search_terms=autoglass&geo_location_terms=66418&page=1,Kansas,66418,FALSE
372,372,372,372,30664,https://www.yellowpages.com/search?search_terms=autoglass&geo_location_terms=66419&page=1,Kansas,66419,FALSE
373,373,373,373,30665,https://www.yellowpages.com/search?search_terms=autoglass&geo_location_terms=66422&page=1,Kansas,66422,FALSE
374,374,374,374,30666,https://www.yellowpages.com/search?search_terms=autoglass&geo_location_terms=66423&page=1,Kansas,66423,FALSE
375,375,375,375,30667,https://www.yellowpages.com/search?search_terms=autoglass&geo_location_terms=66424&page=1,Kansas,66424,FALSE
376,376,376,376,30668,https://www.yellowpages.com/search?search_terms=autoglass&geo_location_terms=66425&page=1,Kansas,66425,FALSE
377,377,377,377,30669,https://www.yellowpages.com/search?search_terms=autoglass&geo_location_terms=66427&page=1,Kansas,66427,FALSE
378,378,378,378,30670,https://www.yellowpages.com/search?search_terms=autoglass&geo_location_terms=66428&page=1,Kansas,66428,FALSE
379,379,379,379,30671,https://www.yellowpages.com/search?search_terms=autoglass&geo_location_terms=66429&page=1,Kansas,66429,FALSE
380,380,380,380,30672,https://www.yellowpages.com/search?search_terms=autoglass&geo_location_terms=66431&page=1,Kansas,66431,FALSE
381,381,381,381,30673,https://www.yellowpages.com/search?search_terms=autoglass&geo_location_terms=66432&page=1,Kansas,66432,FALSE
382,382,382,382,30674,https://www.yellowpages.com/search?search_terms=autoglass&geo_location_terms=66434&page=1,Kansas,66434,FALSE
383,383,383,383,30675,https://www.yellowpages.com/search?search_terms=autoglass&geo_location_terms=66436&page=1,Kansas,66436,FALSE
384,384,384,384,30676,https://www.yellowpages.com/search?search_terms=autoglass&geo_location_terms=66438&page=1,Kansas,66438,FALSE
385,385,385,385,30677,https://www.yellowpages.com/search?search_terms=autoglass&geo_location_terms=66439&page=1,Kansas,66439,FALSE
386,386,386,386,30678,https://www.yellowpages.com/search?search_terms=autoglass&geo_location_terms=66440&page=1,Kansas,66440,FALSE
387,387,387,387,30679,https://www.yellowpages.com/search?search_terms=autoglass&geo_location_terms=66441&page=1,Kansas,66441,FALSE
388,388,388,388,30680,https://www.yellowpages.com/search?search_terms=autoglass&geo_location_terms=66442&page=1,Kansas,66442,FALSE
389,389,389,389,30681,https://www.yellowpages.com/search?search_terms=autoglass&geo_location_terms=66449&page=1,Kansas,66449,FALSE
390,390,390,390,30682,https://www.yellowpages.com/search?search_terms=autoglass&geo_location_terms=66451&page=1,Kansas,66451,FALSE
391,391,391,391,30683,https://www.yellowpages.com/search?search_terms=autoglass&geo_location_terms=66501&page=1,Kansas,66501,FALSE
392,392,392,392,30684,https://www.yellowpages.com/search?search_terms=autoglass&geo_location_terms=66502&page=1,Kansas,66502,FALSE
393,393,393,393,30685,https://www.yellowpages.com/search?search_terms=autoglass&geo_location_terms=66503&page=1,Kansas,66503,FALSE
394,394,394,394,30686,https://www.yellowpages.com/search?search_terms=autoglass&geo_location_terms=66506&page=1,Kansas,66506,FALSE
395,395,395,395,30687,https://www.yellowpages.com/search?search_terms=autoglass&geo_location_terms=66507&page=1,Kansas,66507,FALSE
396,396,396,396,30688,https://www.yellowpages.com/search?search_terms=autoglass&geo_location_terms=66508&page=1,Kansas,66508,FALSE
397,397,397,397,30689,https://www.yellowpages.com/search?search_terms=autoglass&geo_location_terms=66509&page=1,Kansas,66509,FALSE
398,398,398,398,30690,https://www.yellowpages.com/search?search_terms=autoglass&geo_location_terms=66510&page=1,Kansas,66510,FALSE
399,399,399,399,30691,https://www.yellowpages.com/search?search_terms=autoglass&geo_location_terms=66512&page=1,Kansas,66512,FALSE
400,400,400,400,30692,https://www.yellowpages.com/search?search_terms=autoglass&geo_location_terms=66515&page=1,Kansas,66515,FALSE
401,401,401,401,30693,https://www.yellowpages.com/search?search_terms=autoglass&geo_location_terms=66516&page=1,Kansas,66516,FALSE
402,402,402,402,30694,https://www.yellowpages.com/search?search_terms=autoglass&geo_location_terms=66517&page=1,Kansas,66517,FALSE
403,403,403,403,30695,https://www.yellowpages.com/search?search_terms=autoglass&geo_location_terms=66518&page=1,Kansas,66518,FALSE
404,404,404,404,30696,https://www.yellowpages.com/search?search_terms=autoglass&geo_location_terms=66520&page=1,Kansas,66520,FALSE
405,405,405,405,30697,https://www.yellowpages.com/search?search_terms=autoglass&geo_location_terms=66521&page=1,Kansas,66521,FALSE
406,406,406,406,30698,https://www.yellowpages.com/search?search_terms=autoglass&geo_location_terms=66522&page=1,Kansas,66522,FALSE
407,407,407,407,30699,https://www.yellowpages.com/search?search_terms=autoglass&geo_location_terms=66523&page=1,Kansas,66523,FALSEhttps://www.yellowpages.com/search?search_terms=autoglass&geo_location_terms=83201&page=1