,url,state,zip_code,scraped
35644,https://www.yellowpages.com/search?search_terms=autoglass&geo_location_terms=68001&page=1,Nebraska,68001,FALSE
35645,https://www.yellowpages.com/search?search_terms=autoglass&geo_location_terms=68002&page=1,Nebraska,68002,FALSE
35646,https://www.yellowpages.com/search?search_terms=autoglass&geo_location_terms=68002&page=2,Nebraska,68002,FALSE
35647,https://www.yellowpages.com/search?search_terms=autoglass&geo_location_terms=68003&page=1,Nebraska,68003,FALSE
35648,https://www.yellowpages.com/search?search_terms=autoglass&geo_location_terms=68004&page=1,Nebraska,68004,FALSE
35649,https://www.yellowpages.com/search?search_terms=autoglass&geo_location_terms=68005&page=1,Nebraska,68005,FALSE
35650,https://www.yellowpages.com/search?search_terms=autoglass&geo_location_terms=68005&page=2,Nebraska,68005,FALSE
35651,https://www.yellowpages.com/search?search_terms=autoglass&geo_location_terms=68005&page=3,Nebraska,68005,FALSE
35652,https://www.yellowpages.com/search?search_terms=autoglass&geo_location_terms=68005&page=4,Nebraska,68005,FALSE
35653,https://www.yellowpages.com/search?search_terms=autoglass&geo_location_terms=68005&page=5,Nebraska,68005,FALSE
35654,https://www.yellowpages.com/search?search_terms=autoglass&geo_location_terms=68007&page=1,Nebraska,68007,FALSE
35655,https://www.yellowpages.com/search?search_terms=autoglass&geo_location_terms=68007&page=2,Nebraska,68007,FALSE
35656,https://www.yellowpages.com/search?search_terms=autoglass&geo_location_terms=68007&page=3,Nebraska,68007,FALSE
35657,https://www.yellowpages.com/search?search_terms=autoglass&geo_location_terms=68007&page=4,Nebraska,68007,FALSE
35658,https://www.yellowpages.com/search?search_terms=autoglass&geo_location_terms=68007&page=5,Nebraska,68007,FALSE
35659,https://www.yellowpages.com/search?search_terms=autoglass&geo_location_terms=68008&page=1,Nebraska,68008,FALSE
35660,https://www.yellowpages.com/search?search_terms=autoglass&geo_location_terms=68010&page=1,Nebraska,68010,FALSE
35661,https://www.yellowpages.com/search?search_terms=autoglass&geo_location_terms=68010&page=2,Nebraska,68010,FALSE
35662,https://www.yellowpages.com/search?search_terms=autoglass&geo_location_terms=68010&page=3,Nebraska,68010,FALSE
35663,https://www.yellowpages.com/search?search_terms=autoglass&geo_location_terms=68010&page=4,Nebraska,68010,FALSE
35664,https://www.yellowpages.com/search?search_terms=autoglass&geo_location_terms=68010&page=5,Nebraska,68010,FALSE
35665,https://www.yellowpages.com/search?search_terms=autoglass&geo_location_terms=68014&page=1,Nebraska,68014,FALSE
35666,https://www.yellowpages.com/search?search_terms=autoglass&geo_location_terms=68015&page=1,Nebraska,68015,FALSE
35667,https://www.yellowpages.com/search?search_terms=autoglass&geo_location_terms=68016&page=1,Nebraska,68016,FALSE
35668,https://www.yellowpages.com/search?search_terms=autoglass&geo_location_terms=68016&page=2,Nebraska,68016,FALSE
35669,https://www.yellowpages.com/search?search_terms=autoglass&geo_location_terms=68016&page=3,Nebraska,68016,FALSE
35670,https://www.yellowpages.com/search?search_terms=autoglass&geo_location_terms=68016&page=4,Nebraska,68016,FALSE
35671,https://www.yellowpages.com/search?search_terms=autoglass&geo_location_terms=68017&page=1,Nebraska,68017,FALSE
35672,https://www.yellowpages.com/search?search_terms=autoglass&geo_location_terms=68018&page=1,Nebraska,68018,FALSE
35673,https://www.yellowpages.com/search?search_terms=autoglass&geo_location_terms=68019&page=1,Nebraska,68019,FALSE
35674,https://www.yellowpages.com/search?search_terms=autoglass&geo_location_terms=68020&page=1,Nebraska,68020,FALSE
35675,https://www.yellowpages.com/search?search_terms=autoglass&geo_location_terms=68022&page=1,Nebraska,68022,FALSE
35676,https://www.yellowpages.com/search?search_terms=autoglass&geo_location_terms=68022&page=2,Nebraska,68022,FALSE
35677,https://www.yellowpages.com/search?search_terms=autoglass&geo_location_terms=68022&page=3,Nebraska,68022,FALSE
35678,https://www.yellowpages.com/search?search_terms=autoglass&geo_location_terms=68022&page=4,Nebraska,68022,FALSE
35679,https://www.yellowpages.com/search?search_terms=autoglass&geo_location_terms=68022&page=5,Nebraska,68022,FALSE
35680,https://www.yellowpages.com/search?search_terms=autoglass&geo_location_terms=68023&page=1,Nebraska,68023,FALSE
35681,https://www.yellowpages.com/search?search_terms=autoglass&geo_location_terms=68023&page=2,Nebraska,68023,FALSE
35682,https://www.yellowpages.com/search?search_terms=autoglass&geo_location_terms=68023&page=3,Nebraska,68023,FALSE
35683,https://www.yellowpages.com/search?search_terms=autoglass&geo_location_terms=68023&page=4,Nebraska,68023,FALSE
35684,https://www.yellowpages.com/search?search_terms=autoglass&geo_location_terms=68025&page=1,Nebraska,68025,FALSE
35685,https://www.yellowpages.com/search?search_terms=autoglass&geo_location_terms=68028&page=1,Nebraska,68028,FALSE
35686,https://www.yellowpages.com/search?search_terms=autoglass&geo_location_terms=68028&page=2,Nebraska,68028,FALSE
35687,https://www.yellowpages.com/search?search_terms=autoglass&geo_location_terms=68028&page=3,Nebraska,68028,FALSE
35688,https://www.yellowpages.com/search?search_terms=autoglass&geo_location_terms=68028&page=4,Nebraska,68028,FALSE
35689,https://www.yellowpages.com/search?search_terms=autoglass&geo_location_terms=68029&page=1,Nebraska,68029,FALSE
35690,https://www.yellowpages.com/search?search_terms=autoglass&geo_location_terms=68030&page=1,Nebraska,68030,FALSE
35691,https://www.yellowpages.com/search?search_terms=autoglass&geo_location_terms=68031&page=1,Nebraska,68031,FALSE
35692,https://www.yellowpages.com/search?search_terms=autoglass&geo_location_terms=68033&page=1,Nebraska,68033,FALSE
35693,https://www.yellowpages.com/search?search_terms=autoglass&geo_location_terms=68034&page=1,Nebraska,68034,FALSE
35694,https://www.yellowpages.com/search?search_terms=autoglass&geo_location_terms=68034&page=2,Nebraska,68034,FALSE
35695,https://www.yellowpages.com/search?search_terms=autoglass&geo_location_terms=68036&page=1,Nebraska,68036,FALSE
35696,https://www.yellowpages.com/search?search_terms=autoglass&geo_location_terms=68037&page=1,Nebraska,68037,FALSE
35697,https://www.yellowpages.com/search?search_terms=autoglass&geo_location_terms=68037&page=2,Nebraska,68037,FALSE
35698,https://www.yellowpages.com/search?search_terms=autoglass&geo_location_terms=68038&page=1,Nebraska,68038,FALSE
35699,https://www.yellowpages.com/search?search_terms=autoglass&geo_location_terms=68039&page=1,Nebraska,68039,FALSE
35700,https://www.yellowpages.com/search?search_terms=autoglass&geo_location_terms=68040&page=1,Nebraska,68040,FALSE
35701,https://www.yellowpages.com/search?search_terms=autoglass&geo_location_terms=68041&page=1,Nebraska,68041,FALSE
35702,https://www.yellowpages.com/search?search_terms=autoglass&geo_location_terms=68042&page=1,Nebraska,68042,FALSE
35703,https://www.yellowpages.com/search?search_terms=autoglass&geo_location_terms=68044&page=1,Nebraska,68044,FALSE
35704,https://www.yellowpages.com/search?search_terms=autoglass&geo_location_terms=68045&page=1,Nebraska,68045,FALSE
35705,https://www.yellowpages.com/search?search_terms=autoglass&geo_location_terms=68046&page=1,Nebraska,68046,FALSE
35706,https://www.yellowpages.com/search?search_terms=autoglass&geo_location_terms=68046&page=2,Nebraska,68046,FALSE
35707,https://www.yellowpages.com/search?search_terms=autoglass&geo_location_terms=68046&page=3,Nebraska,68046,FALSE
35708,https://www.yellowpages.com/search?search_terms=autoglass&geo_location_terms=68046&page=4,Nebraska,68046,FALSE
35709,https://www.yellowpages.com/search?search_terms=autoglass&geo_location_terms=68046&page=5,Nebraska,68046,FALSE
35710,https://www.yellowpages.com/search?search_terms=autoglass&geo_location_terms=68047&page=1,Nebraska,68047,FALSE
35711,https://www.yellowpages.com/search?search_terms=autoglass&geo_location_terms=68048&page=1,Nebraska,68048,FALSE
35712,https://www.yellowpages.com/search?search_terms=autoglass&geo_location_terms=68048&page=2,Nebraska,68048,FALSE
35713,https://www.yellowpages.com/search?search_terms=autoglass&geo_location_terms=68050&page=1,Nebraska,68050,FALSE
35714,https://www.yellowpages.com/search?search_terms=autoglass&geo_location_terms=68055&page=1,Nebraska,68055,FALSE
35715,https://www.yellowpages.com/search?search_terms=autoglass&geo_location_terms=68057&page=1,Nebraska,68057,FALSE
35716,https://www.yellowpages.com/search?search_terms=autoglass&geo_location_terms=68058&page=1,Nebraska,68058,FALSE
35717,https://www.yellowpages.com/search?search_terms=autoglass&geo_location_terms=68059&page=1,Nebraska,68059,FALSE
35718,https://www.yellowpages.com/search?search_terms=autoglass&geo_location_terms=68059&page=2,Nebraska,68059,FALSE
35719,https://www.yellowpages.com/search?search_terms=autoglass&geo_location_terms=68059&page=3,Nebraska,68059,FALSE
35720,https://www.yellowpages.com/search?search_terms=autoglass&geo_location_terms=68059&page=4,Nebraska,68059,FALSE
35721,https://www.yellowpages.com/search?search_terms=autoglass&geo_location_terms=68061&page=1,Nebraska,68061,FALSE
35722,https://www.yellowpages.com/search?search_terms=autoglass&geo_location_terms=68062&page=1,Nebraska,68062,FALSE
35723,https://www.yellowpages.com/search?search_terms=autoglass&geo_location_terms=68063&page=1,Nebraska,68063,FALSE
35724,https://www.yellowpages.com/search?search_terms=autoglass&geo_location_terms=68064&page=1,Nebraska,68064,FALSE
35725,https://www.yellowpages.com/search?search_terms=autoglass&geo_location_terms=68064&page=2,Nebraska,68064,FALSE
35726,https://www.yellowpages.com/search?search_terms=autoglass&geo_location_terms=68064&page=3,Nebraska,68064,FALSE
35727,https://www.yellowpages.com/search?search_terms=autoglass&geo_location_terms=68065&page=1,Nebraska,68065,FALSE
35728,https://www.yellowpages.com/search?search_terms=autoglass&geo_location_terms=68066&page=1,Nebraska,68066,FALSE
35729,https://www.yellowpages.com/search?search_terms=autoglass&geo_location_terms=68067&page=1,Nebraska,68067,FALSE
35730,https://www.yellowpages.com/search?search_terms=autoglass&geo_location_terms=68068&page=1,Nebraska,68068,FALSE
35731,https://www.yellowpages.com/search?search_terms=autoglass&geo_location_terms=68068&page=2,Nebraska,68068,FALSE
35732,https://www.yellowpages.com/search?search_terms=autoglass&geo_location_terms=68068&page=3,Nebraska,68068,FALSE
35733,https://www.yellowpages.com/search?search_terms=autoglass&geo_location_terms=68068&page=4,Nebraska,68068,FALSE
35734,https://www.yellowpages.com/search?search_terms=autoglass&geo_location_terms=68069&page=1,Nebraska,68069,FALSE
35735,https://www.yellowpages.com/search?search_terms=autoglass&geo_location_terms=68069&page=2,Nebraska,68069,FALSE
35736,https://www.yellowpages.com/search?search_terms=autoglass&geo_location_terms=68069&page=3,Nebraska,68069,FALSE
35737,https://www.yellowpages.com/search?search_terms=autoglass&geo_location_terms=68069&page=4,Nebraska,68069,FALSE
35738,https://www.yellowpages.com/search?search_terms=autoglass&geo_location_terms=68070&page=1,Nebraska,68070,FALSE
35739,https://www.yellowpages.com/search?search_terms=autoglass&geo_location_terms=68071&page=1,Nebraska,68071,FALSE
35740,https://www.yellowpages.com/search?search_terms=autoglass&geo_location_terms=68072&page=1,Nebraska,68072,FALSE
35741,https://www.yellowpages.com/search?search_terms=autoglass&geo_location_terms=68073&page=1,Nebraska,68073,FALSE
35742,https://www.yellowpages.com/search?search_terms=autoglass&geo_location_terms=68073&page=2,Nebraska,68073,FALSE
35743,https://www.yellowpages.com/search?search_terms=autoglass&geo_location_terms=68102&page=1,Nebraska,68102,FALSE
35744,https://www.yellowpages.com/search?search_terms=autoglass&geo_location_terms=68102&page=2,Nebraska,68102,FALSE
35745,https://www.yellowpages.com/search?search_terms=autoglass&geo_location_terms=68102&page=3,Nebraska,68102,FALSE
35746,https://www.yellowpages.com/search?search_terms=autoglass&geo_location_terms=68102&page=4,Nebraska,68102,FALSE
35747,https://www.yellowpages.com/search?search_terms=autoglass&geo_location_terms=68102&page=5,Nebraska,68102,FALSE
35748,https://www.yellowpages.com/search?search_terms=autoglass&geo_location_terms=68104&page=1,Nebraska,68104,FALSE
35749,https://www.yellowpages.com/search?search_terms=autoglass&geo_location_terms=68104&page=2,Nebraska,68104,FALSE
35750,https://www.yellowpages.com/search?search_terms=autoglass&geo_location_terms=68104&page=3,Nebraska,68104,FALSE
35751,https://www.yellowpages.com/search?search_terms=autoglass&geo_location_terms=68104&page=4,Nebraska,68104,FALSE
35752,https://www.yellowpages.com/search?search_terms=autoglass&geo_location_terms=68104&page=5,Nebraska,68104,FALSE
35753,https://www.yellowpages.com/search?search_terms=autoglass&geo_location_terms=68105&page=1,Nebraska,68105,FALSE
35754,https://www.yellowpages.com/search?search_terms=autoglass&geo_location_terms=68105&page=2,Nebraska,68105,FALSE
35755,https://www.yellowpages.com/search?search_terms=autoglass&geo_location_terms=68105&page=3,Nebraska,68105,FALSE
35756,https://www.yellowpages.com/search?search_terms=autoglass&geo_location_terms=68105&page=4,Nebraska,68105,FALSE
35757,https://www.yellowpages.com/search?search_terms=autoglass&geo_location_terms=68105&page=5,Nebraska,68105,FALSE
35758,https://www.yellowpages.com/search?search_terms=autoglass&geo_location_terms=68105&page=6,Nebraska,68105,FALSE
35759,https://www.yellowpages.com/search?search_terms=autoglass&geo_location_terms=68106&page=1,Nebraska,68106,FALSE
35760,https://www.yellowpages.com/search?search_terms=autoglass&geo_location_terms=68106&page=2,Nebraska,68106,FALSE
35761,https://www.yellowpages.com/search?search_terms=autoglass&geo_location_terms=68106&page=3,Nebraska,68106,FALSE
35762,https://www.yellowpages.com/search?search_terms=autoglass&geo_location_terms=68106&page=4,Nebraska,68106,FALSE
35763,https://www.yellowpages.com/search?search_terms=autoglass&geo_location_terms=68106&page=5,Nebraska,68106,FALSE
35764,https://www.yellowpages.com/search?search_terms=autoglass&geo_location_terms=68106&page=6,Nebraska,68106,FALSE
35765,https://www.yellowpages.com/search?search_terms=autoglass&geo_location_terms=68107&page=1,Nebraska,68107,FALSE
35766,https://www.yellowpages.com/search?search_terms=autoglass&geo_location_terms=68107&page=2,Nebraska,68107,FALSE
35767,https://www.yellowpages.com/search?search_terms=autoglass&geo_location_terms=68107&page=3,Nebraska,68107,FALSE
35768,https://www.yellowpages.com/search?search_terms=autoglass&geo_location_terms=68107&page=4,Nebraska,68107,FALSE
35769,https://www.yellowpages.com/search?search_terms=autoglass&geo_location_terms=68107&page=5,Nebraska,68107,FALSE
35770,https://www.yellowpages.com/search?search_terms=autoglass&geo_location_terms=68108&page=1,Nebraska,68108,FALSE
35771,https://www.yellowpages.com/search?search_terms=autoglass&geo_location_terms=68108&page=2,Nebraska,68108,FALSE
35772,https://www.yellowpages.com/search?search_terms=autoglass&geo_location_terms=68108&page=3,Nebraska,68108,FALSE
35773,https://www.yellowpages.com/search?search_terms=autoglass&geo_location_terms=68108&page=4,Nebraska,68108,FALSE
35774,https://www.yellowpages.com/search?search_terms=autoglass&geo_location_terms=68108&page=5,Nebraska,68108,FALSE
35775,https://www.yellowpages.com/search?search_terms=autoglass&geo_location_terms=68110&page=1,Nebraska,68110,FALSE
35776,https://www.yellowpages.com/search?search_terms=autoglass&geo_location_terms=68110&page=2,Nebraska,68110,FALSE
35777,https://www.yellowpages.com/search?search_terms=autoglass&geo_location_terms=68110&page=3,Nebraska,68110,FALSE
35778,https://www.yellowpages.com/search?search_terms=autoglass&geo_location_terms=68110&page=4,Nebraska,68110,FALSE
35779,https://www.yellowpages.com/search?search_terms=autoglass&geo_location_terms=68110&page=5,Nebraska,68110,FALSE
35780,https://www.yellowpages.com/search?search_terms=autoglass&geo_location_terms=68111&page=1,Nebraska,68111,FALSE
35781,https://www.yellowpages.com/search?search_terms=autoglass&geo_location_terms=68111&page=2,Nebraska,68111,FALSE
35782,https://www.yellowpages.com/search?search_terms=autoglass&geo_location_terms=68111&page=3,Nebraska,68111,FALSE
35783,https://www.yellowpages.com/search?search_terms=autoglass&geo_location_terms=68111&page=4,Nebraska,68111,FALSE
35784,https://www.yellowpages.com/search?search_terms=autoglass&geo_location_terms=68111&page=5,Nebraska,68111,FALSE
35785,https://www.yellowpages.com/search?search_terms=autoglass&geo_location_terms=68112&page=1,Nebraska,68112,FALSE
35786,https://www.yellowpages.com/search?search_terms=autoglass&geo_location_terms=68112&page=2,Nebraska,68112,FALSE
35787,https://www.yellowpages.com/search?search_terms=autoglass&geo_location_terms=68112&page=3,Nebraska,68112,FALSE
35788,https://www.yellowpages.com/search?search_terms=autoglass&geo_location_terms=68112&page=4,Nebraska,68112,FALSE
35789,https://www.yellowpages.com/search?search_terms=autoglass&geo_location_terms=68112&page=5,Nebraska,68112,FALSE
35790,https://www.yellowpages.com/search?search_terms=autoglass&geo_location_terms=68112&page=6,Nebraska,68112,FALSE
35791,https://www.yellowpages.com/search?search_terms=autoglass&geo_location_terms=68113&page=1,Nebraska,68113,FALSE
35792,https://www.yellowpages.com/search?search_terms=autoglass&geo_location_terms=68113&page=2,Nebraska,68113,FALSE
35793,https://www.yellowpages.com/search?search_terms=autoglass&geo_location_terms=68113&page=3,Nebraska,68113,FALSE
35794,https://www.yellowpages.com/search?search_terms=autoglass&geo_location_terms=68113&page=4,Nebraska,68113,FALSE
35795,https://www.yellowpages.com/search?search_terms=autoglass&geo_location_terms=68113&page=5,Nebraska,68113,FALSE
35796,https://www.yellowpages.com/search?search_terms=autoglass&geo_location_terms=68114&page=1,Nebraska,68114,FALSE
35797,https://www.yellowpages.com/search?search_terms=autoglass&geo_location_terms=68114&page=2,Nebraska,68114,FALSE
35798,https://www.yellowpages.com/search?search_terms=autoglass&geo_location_terms=68114&page=3,Nebraska,68114,FALSE
35799,https://www.yellowpages.com/search?search_terms=autoglass&geo_location_terms=68114&page=4,Nebraska,68114,FALSE
35800,https://www.yellowpages.com/search?search_terms=autoglass&geo_location_terms=68114&page=5,Nebraska,68114,FALSE
35801,https://www.yellowpages.com/search?search_terms=autoglass&geo_location_terms=68116&page=1,Nebraska,68116,FALSE
35802,https://www.yellowpages.com/search?search_terms=autoglass&geo_location_terms=68116&page=2,Nebraska,68116,FALSE
35803,https://www.yellowpages.com/search?search_terms=autoglass&geo_location_terms=68116&page=3,Nebraska,68116,FALSE
35804,https://www.yellowpages.com/search?search_terms=autoglass&geo_location_terms=68116&page=4,Nebraska,68116,FALSE
35805,https://www.yellowpages.com/search?search_terms=autoglass&geo_location_terms=68116&page=5,Nebraska,68116,FALSE
35806,https://www.yellowpages.com/search?search_terms=autoglass&geo_location_terms=68117&page=1,Nebraska,68117,FALSE
35807,https://www.yellowpages.com/search?search_terms=autoglass&geo_location_terms=68117&page=2,Nebraska,68117,FALSE
35808,https://www.yellowpages.com/search?search_terms=autoglass&geo_location_terms=68117&page=3,Nebraska,68117,FALSE
35809,https://www.yellowpages.com/search?search_terms=autoglass&geo_location_terms=68117&page=4,Nebraska,68117,FALSE
35810,https://www.yellowpages.com/search?search_terms=autoglass&geo_location_terms=68117&page=5,Nebraska,68117,FALSE
35811,https://www.yellowpages.com/search?search_terms=autoglass&geo_location_terms=68118&page=1,Nebraska,68118,FALSE
35812,https://www.yellowpages.com/search?search_terms=autoglass&geo_location_terms=68118&page=2,Nebraska,68118,FALSE
35813,https://www.yellowpages.com/search?search_terms=autoglass&geo_location_terms=68118&page=3,Nebraska,68118,FALSE
35814,https://www.yellowpages.com/search?search_terms=autoglass&geo_location_terms=68118&page=4,Nebraska,68118,FALSE
35815,https://www.yellowpages.com/search?search_terms=autoglass&geo_location_terms=68118&page=5,Nebraska,68118,FALSE
35816,https://www.yellowpages.com/search?search_terms=autoglass&geo_location_terms=68122&page=1,Nebraska,68122,FALSE
35817,https://www.yellowpages.com/search?search_terms=autoglass&geo_location_terms=68122&page=2,Nebraska,68122,FALSE
35818,https://www.yellowpages.com/search?search_terms=autoglass&geo_location_terms=68122&page=3,Nebraska,68122,FALSE
35819,https://www.yellowpages.com/search?search_terms=autoglass&geo_location_terms=68122&page=4,Nebraska,68122,FALSE
35820,https://www.yellowpages.com/search?search_terms=autoglass&geo_location_terms=68122&page=5,Nebraska,68122,FALSE
35821,https://www.yellowpages.com/search?search_terms=autoglass&geo_location_terms=68122&page=6,Nebraska,68122,FALSE
35822,https://www.yellowpages.com/search?search_terms=autoglass&geo_location_terms=68123&page=1,Nebraska,68123,FALSE
35823,https://www.yellowpages.com/search?search_terms=autoglass&geo_location_terms=68123&page=2,Nebraska,68123,FALSE
35824,https://www.yellowpages.com/search?search_terms=autoglass&geo_location_terms=68123&page=3,Nebraska,68123,FALSE
35825,https://www.yellowpages.com/search?search_terms=autoglass&geo_location_terms=68123&page=4,Nebraska,68123,FALSE
35826,https://www.yellowpages.com/search?search_terms=autoglass&geo_location_terms=68123&page=5,Nebraska,68123,FALSE
35827,https://www.yellowpages.com/search?search_terms=autoglass&geo_location_terms=68124&page=1,Nebraska,68124,FALSE
35828,https://www.yellowpages.com/search?search_terms=autoglass&geo_location_terms=68124&page=2,Nebraska,68124,FALSE
35829,https://www.yellowpages.com/search?search_terms=autoglass&geo_location_terms=68124&page=3,Nebraska,68124,FALSE
35830,https://www.yellowpages.com/search?search_terms=autoglass&geo_location_terms=68124&page=4,Nebraska,68124,FALSE
35831,https://www.yellowpages.com/search?search_terms=autoglass&geo_location_terms=68124&page=5,Nebraska,68124,FALSE
35832,https://www.yellowpages.com/search?search_terms=autoglass&geo_location_terms=68127&page=1,Nebraska,68127,FALSE
35833,https://www.yellowpages.com/search?search_terms=autoglass&geo_location_terms=68127&page=2,Nebraska,68127,FALSE
35834,https://www.yellowpages.com/search?search_terms=autoglass&geo_location_terms=68127&page=3,Nebraska,68127,FALSE
35835,https://www.yellowpages.com/search?search_terms=autoglass&geo_location_terms=68127&page=4,Nebraska,68127,FALSE
35836,https://www.yellowpages.com/search?search_terms=autoglass&geo_location_terms=68127&page=5,Nebraska,68127,FALSE
35837,https://www.yellowpages.com/search?search_terms=autoglass&geo_location_terms=68128&page=1,Nebraska,68128,FALSE
35838,https://www.yellowpages.com/search?search_terms=autoglass&geo_location_terms=68128&page=2,Nebraska,68128,FALSE
35839,https://www.yellowpages.com/search?search_terms=autoglass&geo_location_terms=68128&page=3,Nebraska,68128,FALSE
35840,https://www.yellowpages.com/search?search_terms=autoglass&geo_location_terms=68128&page=4,Nebraska,68128,FALSE
35841,https://www.yellowpages.com/search?search_terms=autoglass&geo_location_terms=68128&page=5,Nebraska,68128,FALSE
35842,https://www.yellowpages.com/search?search_terms=autoglass&geo_location_terms=68130&page=1,Nebraska,68130,FALSE
35843,https://www.yellowpages.com/search?search_terms=autoglass&geo_location_terms=68130&page=2,Nebraska,68130,FALSE
35844,https://www.yellowpages.com/search?search_terms=autoglass&geo_location_terms=68130&page=3,Nebraska,68130,FALSE
35845,https://www.yellowpages.com/search?search_terms=autoglass&geo_location_terms=68130&page=4,Nebraska,68130,FALSE
35846,https://www.yellowpages.com/search?search_terms=autoglass&geo_location_terms=68130&page=5,Nebraska,68130,FALSE
35847,https://www.yellowpages.com/search?search_terms=autoglass&geo_location_terms=68131&page=1,Nebraska,68131,FALSE
35848,https://www.yellowpages.com/search?search_terms=autoglass&geo_location_terms=68131&page=2,Nebraska,68131,FALSE
35849,https://www.yellowpages.com/search?search_terms=autoglass&geo_location_terms=68131&page=3,Nebraska,68131,FALSE
35850,https://www.yellowpages.com/search?search_terms=autoglass&geo_location_terms=68131&page=4,Nebraska,68131,FALSE
35851,https://www.yellowpages.com/search?search_terms=autoglass&geo_location_terms=68131&page=5,Nebraska,68131,FALSE
35852,https://www.yellowpages.com/search?search_terms=autoglass&geo_location_terms=68132&page=1,Nebraska,68132,FALSE
35853,https://www.yellowpages.com/search?search_terms=autoglass&geo_location_terms=68132&page=2,Nebraska,68132,FALSE
35854,https://www.yellowpages.com/search?search_terms=autoglass&geo_location_terms=68132&page=3,Nebraska,68132,FALSE
35855,https://www.yellowpages.com/search?search_terms=autoglass&geo_location_terms=68132&page=4,Nebraska,68132,FALSE
35856,https://www.yellowpages.com/search?search_terms=autoglass&geo_location_terms=68132&page=5,Nebraska,68132,FALSE
35857,https://www.yellowpages.com/search?search_terms=autoglass&geo_location_terms=68133&page=1,Nebraska,68133,FALSE
35858,https://www.yellowpages.com/search?search_terms=autoglass&geo_location_terms=68133&page=2,Nebraska,68133,FALSE
35859,https://www.yellowpages.com/search?search_terms=autoglass&geo_location_terms=68133&page=3,Nebraska,68133,FALSE
35860,https://www.yellowpages.com/search?search_terms=autoglass&geo_location_terms=68133&page=4,Nebraska,68133,FALSE
35861,https://www.yellowpages.com/search?search_terms=autoglass&geo_location_terms=68133&page=5,Nebraska,68133,FALSE
35862,https://www.yellowpages.com/search?search_terms=autoglass&geo_location_terms=68134&page=1,Nebraska,68134,FALSE
35863,https://www.yellowpages.com/search?search_terms=autoglass&geo_location_terms=68134&page=2,Nebraska,68134,FALSE
35864,https://www.yellowpages.com/search?search_terms=autoglass&geo_location_terms=68134&page=3,Nebraska,68134,FALSE
35865,https://www.yellowpages.com/search?search_terms=autoglass&geo_location_terms=68134&page=4,Nebraska,68134,FALSE
35866,https://www.yellowpages.com/search?search_terms=autoglass&geo_location_terms=68134&page=5,Nebraska,68134,FALSE
35867,https://www.yellowpages.com/search?search_terms=autoglass&geo_location_terms=68135&page=1,Nebraska,68135,FALSE
35868,https://www.yellowpages.com/search?search_terms=autoglass&geo_location_terms=68135&page=2,Nebraska,68135,FALSE
35869,https://www.yellowpages.com/search?search_terms=autoglass&geo_location_terms=68135&page=3,Nebraska,68135,FALSE
35870,https://www.yellowpages.com/search?search_terms=autoglass&geo_location_terms=68135&page=4,Nebraska,68135,FALSE
35871,https://www.yellowpages.com/search?search_terms=autoglass&geo_location_terms=68135&page=5,Nebraska,68135,FALSE
35872,https://www.yellowpages.com/search?search_terms=autoglass&geo_location_terms=68136&page=1,Nebraska,68136,FALSE
35873,https://www.yellowpages.com/search?search_terms=autoglass&geo_location_terms=68136&page=2,Nebraska,68136,FALSE
35874,https://www.yellowpages.com/search?search_terms=autoglass&geo_location_terms=68136&page=3,Nebraska,68136,FALSE
35875,https://www.yellowpages.com/search?search_terms=autoglass&geo_location_terms=68136&page=4,Nebraska,68136,FALSE
35876,https://www.yellowpages.com/search?search_terms=autoglass&geo_location_terms=68136&page=5,Nebraska,68136,FALSE
35877,https://www.yellowpages.com/search?search_terms=autoglass&geo_location_terms=68137&page=1,Nebraska,68137,FALSE
35878,https://www.yellowpages.com/search?search_terms=autoglass&geo_location_terms=68137&page=2,Nebraska,68137,FALSE
35879,https://www.yellowpages.com/search?search_terms=autoglass&geo_location_terms=68137&page=3,Nebraska,68137,FALSE
35880,https://www.yellowpages.com/search?search_terms=autoglass&geo_location_terms=68137&page=4,Nebraska,68137,FALSE
35881,https://www.yellowpages.com/search?search_terms=autoglass&geo_location_terms=68137&page=5,Nebraska,68137,FALSE
35882,https://www.yellowpages.com/search?search_terms=autoglass&geo_location_terms=68138&page=1,Nebraska,68138,FALSE
35883,https://www.yellowpages.com/search?search_terms=autoglass&geo_location_terms=68138&page=2,Nebraska,68138,FALSE
35884,https://www.yellowpages.com/search?search_terms=autoglass&geo_location_terms=68138&page=3,Nebraska,68138,FALSE
35885,https://www.yellowpages.com/search?search_terms=autoglass&geo_location_terms=68138&page=4,Nebraska,68138,FALSE
35886,https://www.yellowpages.com/search?search_terms=autoglass&geo_location_terms=68138&page=5,Nebraska,68138,FALSE
35887,https://www.yellowpages.com/search?search_terms=autoglass&geo_location_terms=68142&page=1,Nebraska,68142,FALSE
35888,https://www.yellowpages.com/search?search_terms=autoglass&geo_location_terms=68142&page=2,Nebraska,68142,FALSE
35889,https://www.yellowpages.com/search?search_terms=autoglass&geo_location_terms=68142&page=3,Nebraska,68142,FALSE
35890,https://www.yellowpages.com/search?search_terms=autoglass&geo_location_terms=68142&page=4,Nebraska,68142,FALSE
35891,https://www.yellowpages.com/search?search_terms=autoglass&geo_location_terms=68142&page=5,Nebraska,68142,FALSE
35892,https://www.yellowpages.com/search?search_terms=autoglass&geo_location_terms=68144&page=1,Nebraska,68144,FALSE
35893,https://www.yellowpages.com/search?search_terms=autoglass&geo_location_terms=68144&page=2,Nebraska,68144,FALSE
35894,https://www.yellowpages.com/search?search_terms=autoglass&geo_location_terms=68144&page=3,Nebraska,68144,FALSE
35895,https://www.yellowpages.com/search?search_terms=autoglass&geo_location_terms=68144&page=4,Nebraska,68144,FALSE
35896,https://www.yellowpages.com/search?search_terms=autoglass&geo_location_terms=68144&page=5,Nebraska,68144,FALSE
35897,https://www.yellowpages.com/search?search_terms=autoglass&geo_location_terms=68147&page=1,Nebraska,68147,FALSE
35898,https://www.yellowpages.com/search?search_terms=autoglass&geo_location_terms=68147&page=2,Nebraska,68147,FALSE
35899,https://www.yellowpages.com/search?search_terms=autoglass&geo_location_terms=68147&page=3,Nebraska,68147,FALSE
35900,https://www.yellowpages.com/search?search_terms=autoglass&geo_location_terms=68147&page=4,Nebraska,68147,FALSE
35901,https://www.yellowpages.com/search?search_terms=autoglass&geo_location_terms=68147&page=5,Nebraska,68147,FALSE
35902,https://www.yellowpages.com/search?search_terms=autoglass&geo_location_terms=68152&page=1,Nebraska,68152,FALSE
35903,https://www.yellowpages.com/search?search_terms=autoglass&geo_location_terms=68152&page=2,Nebraska,68152,FALSE
35904,https://www.yellowpages.com/search?search_terms=autoglass&geo_location_terms=68152&page=3,Nebraska,68152,FALSE
35905,https://www.yellowpages.com/search?search_terms=autoglass&geo_location_terms=68152&page=4,Nebraska,68152,FALSE
35906,https://www.yellowpages.com/search?search_terms=autoglass&geo_location_terms=68152&page=5,Nebraska,68152,FALSE
35907,https://www.yellowpages.com/search?search_terms=autoglass&geo_location_terms=68152&page=6,Nebraska,68152,FALSE
35908,https://www.yellowpages.com/search?search_terms=autoglass&geo_location_terms=68154&page=1,Nebraska,68154,FALSE
35909,https://www.yellowpages.com/search?search_terms=autoglass&geo_location_terms=68154&page=2,Nebraska,68154,FALSE
35910,https://www.yellowpages.com/search?search_terms=autoglass&geo_location_terms=68154&page=3,Nebraska,68154,FALSE
35911,https://www.yellowpages.com/search?search_terms=autoglass&geo_location_terms=68154&page=4,Nebraska,68154,FALSE
35912,https://www.yellowpages.com/search?search_terms=autoglass&geo_location_terms=68154&page=5,Nebraska,68154,FALSE
35913,https://www.yellowpages.com/search?search_terms=autoglass&geo_location_terms=68157&page=1,Nebraska,68157,FALSE
35914,https://www.yellowpages.com/search?search_terms=autoglass&geo_location_terms=68157&page=2,Nebraska,68157,FALSE
35915,https://www.yellowpages.com/search?search_terms=autoglass&geo_location_terms=68157&page=3,Nebraska,68157,FALSE
35916,https://www.yellowpages.com/search?search_terms=autoglass&geo_location_terms=68157&page=4,Nebraska,68157,FALSE
35917,https://www.yellowpages.com/search?search_terms=autoglass&geo_location_terms=68157&page=5,Nebraska,68157,FALSE
35918,https://www.yellowpages.com/search?search_terms=autoglass&geo_location_terms=68157&page=6,Nebraska,68157,FALSE
35919,https://www.yellowpages.com/search?search_terms=autoglass&geo_location_terms=68164&page=1,Nebraska,68164,FALSE
35920,https://www.yellowpages.com/search?search_terms=autoglass&geo_location_terms=68164&page=2,Nebraska,68164,FALSE
35921,https://www.yellowpages.com/search?search_terms=autoglass&geo_location_terms=68164&page=3,Nebraska,68164,FALSE
35922,https://www.yellowpages.com/search?search_terms=autoglass&geo_location_terms=68164&page=4,Nebraska,68164,FALSE
35923,https://www.yellowpages.com/search?search_terms=autoglass&geo_location_terms=68164&page=5,Nebraska,68164,FALSE
35924,https://www.yellowpages.com/search?search_terms=autoglass&geo_location_terms=68178&page=1,Nebraska,68178,FALSE
35925,https://www.yellowpages.com/search?search_terms=autoglass&geo_location_terms=68178&page=2,Nebraska,68178,FALSE
35926,https://www.yellowpages.com/search?search_terms=autoglass&geo_location_terms=68178&page=3,Nebraska,68178,FALSE
35927,https://www.yellowpages.com/search?search_terms=autoglass&geo_location_terms=68178&page=4,Nebraska,68178,FALSE
35928,https://www.yellowpages.com/search?search_terms=autoglass&geo_location_terms=68178&page=5,Nebraska,68178,FALSE
35929,https://www.yellowpages.com/search?search_terms=autoglass&geo_location_terms=68301&page=1,Nebraska,68301,FALSE
35930,https://www.yellowpages.com/search?search_terms=autoglass&geo_location_terms=68303&page=1,Nebraska,68303,FALSE
35931,https://www.yellowpages.com/search?search_terms=autoglass&geo_location_terms=68304&page=1,Nebraska,68304,FALSE
35932,https://www.yellowpages.com/search?search_terms=autoglass&geo_location_terms=68304&page=2,Nebraska,68304,FALSE
35933,https://www.yellowpages.com/search?search_terms=autoglass&geo_location_terms=68305&page=1,Nebraska,68305,FALSE
35934,https://www.yellowpages.com/search?search_terms=autoglass&geo_location_terms=68307&page=1,Nebraska,68307,FALSE
35935,https://www.yellowpages.com/search?search_terms=autoglass&geo_location_terms=68309&page=1,Nebraska,68309,FALSE
35936,https://www.yellowpages.com/search?search_terms=autoglass&geo_location_terms=68310&page=1,Nebraska,68310,FALSE
35937,https://www.yellowpages.com/search?search_terms=autoglass&geo_location_terms=68313&page=1,Nebraska,68313,FALSE
35938,https://www.yellowpages.com/search?search_terms=autoglass&geo_location_terms=68314&page=1,Nebraska,68314,FALSE
35939,https://www.yellowpages.com/search?search_terms=autoglass&geo_location_terms=68315&page=1,Nebraska,68315,FALSE
35940,https://www.yellowpages.com/search?search_terms=autoglass&geo_location_terms=68316&page=1,Nebraska,68316,FALSE
35941,https://www.yellowpages.com/search?search_terms=autoglass&geo_location_terms=68317&page=1,Nebraska,68317,FALSE
35942,https://www.yellowpages.com/search?search_terms=autoglass&geo_location_terms=68317&page=2,Nebraska,68317,FALSE
35943,https://www.yellowpages.com/search?search_terms=autoglass&geo_location_terms=68318&page=1,Nebraska,68318,FALSE
35944,https://www.yellowpages.com/search?search_terms=autoglass&geo_location_terms=68319&page=1,Nebraska,68319,FALSE
35945,https://www.yellowpages.com/search?search_terms=autoglass&geo_location_terms=68320&page=1,Nebraska,68320,FALSE
35946,https://www.yellowpages.com/search?search_terms=autoglass&geo_location_terms=68321&page=1,Nebraska,68321,FALSE
35947,https://www.yellowpages.com/search?search_terms=autoglass&geo_location_terms=68322&page=1,Nebraska,68322,FALSE
35948,https://www.yellowpages.com/search?search_terms=autoglass&geo_location_terms=68323&page=1,Nebraska,68323,FALSE
35949,https://www.yellowpages.com/search?search_terms=autoglass&geo_location_terms=68324&page=1,Nebraska,68324,FALSE
35950,https://www.yellowpages.com/search?search_terms=autoglass&geo_location_terms=68325&page=1,Nebraska,68325,FALSE
35951,https://www.yellowpages.com/search?search_terms=autoglass&geo_location_terms=68326&page=1,Nebraska,68326,FALSE
35952,https://www.yellowpages.com/search?search_terms=autoglass&geo_location_terms=68327&page=1,Nebraska,68327,FALSE
35953,https://www.yellowpages.com/search?search_terms=autoglass&geo_location_terms=68328&page=1,Nebraska,68328,FALSE
35954,https://www.yellowpages.com/search?search_terms=autoglass&geo_location_terms=68329&page=1,Nebraska,68329,FALSE
35955,https://www.yellowpages.com/search?search_terms=autoglass&geo_location_terms=68331&page=1,Nebraska,68331,FALSE
35956,https://www.yellowpages.com/search?search_terms=autoglass&geo_location_terms=68332&page=1,Nebraska,68332,FALSE
35957,https://www.yellowpages.com/search?search_terms=autoglass&geo_location_terms=68333&page=1,Nebraska,68333,FALSE
35958,https://www.yellowpages.com/search?search_terms=autoglass&geo_location_terms=68335&page=1,Nebraska,68335,FALSE
35959,https://www.yellowpages.com/search?search_terms=autoglass&geo_location_terms=68336&page=1,Nebraska,68336,FALSE
35960,https://www.yellowpages.com/search?search_terms=autoglass&geo_location_terms=68336&page=2,Nebraska,68336,FALSE
35961,https://www.yellowpages.com/search?search_terms=autoglass&geo_location_terms=68337&page=1,Nebraska,68337,FALSE
35962,https://www.yellowpages.com/search?search_terms=autoglass&geo_location_terms=68338&page=1,Nebraska,68338,FALSE
35963,https://www.yellowpages.com/search?search_terms=autoglass&geo_location_terms=68339&page=1,Nebraska,68339,FALSE
35964,https://www.yellowpages.com/search?search_terms=autoglass&geo_location_terms=68339&page=2,Nebraska,68339,FALSE
35965,https://www.yellowpages.com/search?search_terms=autoglass&geo_location_terms=68340&page=1,Nebraska,68340,FALSE
35966,https://www.yellowpages.com/search?search_terms=autoglass&geo_location_terms=68341&page=1,Nebraska,68341,FALSE
35967,https://www.yellowpages.com/search?search_terms=autoglass&geo_location_terms=68342&page=1,Nebraska,68342,FALSE
35968,https://www.yellowpages.com/search?search_terms=autoglass&geo_location_terms=68343&page=1,Nebraska,68343,FALSE
35969,https://www.yellowpages.com/search?search_terms=autoglass&geo_location_terms=68344&page=1,Nebraska,68344,FALSE
35970,https://www.yellowpages.com/search?search_terms=autoglass&geo_location_terms=68345&page=1,Nebraska,68345,FALSE
35971,https://www.yellowpages.com/search?search_terms=autoglass&geo_location_terms=68346&page=1,Nebraska,68346,FALSE
35972,https://www.yellowpages.com/search?search_terms=autoglass&geo_location_terms=68347&page=1,Nebraska,68347,FALSE
35973,https://www.yellowpages.com/search?search_terms=autoglass&geo_location_terms=68347&page=2,Nebraska,68347,FALSE
35974,https://www.yellowpages.com/search?search_terms=autoglass&geo_location_terms=68348&page=1,Nebraska,68348,FALSE
35975,https://www.yellowpages.com/search?search_terms=autoglass&geo_location_terms=68349&page=1,Nebraska,68349,FALSE
35976,https://www.yellowpages.com/search?search_terms=autoglass&geo_location_terms=68350&page=1,Nebraska,68350,FALSE
35977,https://www.yellowpages.com/search?search_terms=autoglass&geo_location_terms=68351&page=1,Nebraska,68351,FALSE
35978,https://www.yellowpages.com/search?search_terms=autoglass&geo_location_terms=68352&page=1,Nebraska,68352,FALSE
35979,https://www.yellowpages.com/search?search_terms=autoglass&geo_location_terms=68354&page=1,Nebraska,68354,FALSE
35980,https://www.yellowpages.com/search?search_terms=autoglass&geo_location_terms=68355&page=1,Nebraska,68355,FALSE
35981,https://www.yellowpages.com/search?search_terms=autoglass&geo_location_terms=68357&page=1,Nebraska,68357,FALSE
35982,https://www.yellowpages.com/search?search_terms=autoglass&geo_location_terms=68358&page=1,Nebraska,68358,FALSE
35983,https://www.yellowpages.com/search?search_terms=autoglass&geo_location_terms=68359&page=1,Nebraska,68359,FALSE
35984,https://www.yellowpages.com/search?search_terms=autoglass&geo_location_terms=68360&page=1,Nebraska,68360,FALSE
35985,https://www.yellowpages.com/search?search_terms=autoglass&geo_location_terms=68361&page=1,Nebraska,68361,FALSE
35986,https://www.yellowpages.com/search?search_terms=autoglass&geo_location_terms=68362&page=1,Nebraska,68362,FALSE
35987,https://www.yellowpages.com/search?search_terms=autoglass&geo_location_terms=68364&page=1,Nebraska,68364,FALSE
35988,https://www.yellowpages.com/search?search_terms=autoglass&geo_location_terms=68365&page=1,Nebraska,68365,FALSE
35989,https://www.yellowpages.com/search?search_terms=autoglass&geo_location_terms=68366&page=1,Nebraska,68366,FALSE
35990,https://www.yellowpages.com/search?search_terms=autoglass&geo_location_terms=68367&page=1,Nebraska,68367,FALSE
35991,https://www.yellowpages.com/search?search_terms=autoglass&geo_location_terms=68368&page=1,Nebraska,68368,FALSE
35992,https://www.yellowpages.com/search?search_terms=autoglass&geo_location_terms=68370&page=1,Nebraska,68370,FALSE
35993,https://www.yellowpages.com/search?search_terms=autoglass&geo_location_terms=68371&page=1,Nebraska,68371,FALSE
35994,https://www.yellowpages.com/search?search_terms=autoglass&geo_location_terms=68372&page=1,Nebraska,68372,FALSE
35995,https://www.yellowpages.com/search?search_terms=autoglass&geo_location_terms=68372&page=2,Nebraska,68372,FALSE
35996,https://www.yellowpages.com/search?search_terms=autoglass&geo_location_terms=68375&page=1,Nebraska,68375,FALSE
35997,https://www.yellowpages.com/search?search_terms=autoglass&geo_location_terms=68376&page=1,Nebraska,68376,FALSE
35998,https://www.yellowpages.com/search?search_terms=autoglass&geo_location_terms=68377&page=1,Nebraska,68377,FALSE
35999,https://www.yellowpages.com/search?search_terms=autoglass&geo_location_terms=68378&page=1,Nebraska,68378,FALSE
36000,https://www.yellowpages.com/search?search_terms=autoglass&geo_location_terms=68379&page=1,Nebraska,68379,FALSE
36001,https://www.yellowpages.com/search?search_terms=autoglass&geo_location_terms=68380&page=1,Nebraska,68380,FALSE
36002,https://www.yellowpages.com/search?search_terms=autoglass&geo_location_terms=68381&page=1,Nebraska,68381,FALSE
36003,https://www.yellowpages.com/search?search_terms=autoglass&geo_location_terms=68382&page=1,Nebraska,68382,FALSE
36004,https://www.yellowpages.com/search?search_terms=autoglass&geo_location_terms=68401&page=1,Nebraska,68401,FALSE
36005,https://www.yellowpages.com/search?search_terms=autoglass&geo_location_terms=68402&page=1,Nebraska,68402,FALSE
36006,https://www.yellowpages.com/search?search_terms=autoglass&geo_location_terms=68402&page=2,Nebraska,68402,FALSE
36007,https://www.yellowpages.com/search?search_terms=autoglass&geo_location_terms=68403&page=1,Nebraska,68403,FALSE
36008,https://www.yellowpages.com/search?search_terms=autoglass&geo_location_terms=68404&page=1,Nebraska,68404,FALSE
36009,https://www.yellowpages.com/search?search_terms=autoglass&geo_location_terms=68404&page=2,Nebraska,68404,FALSE
36010,https://www.yellowpages.com/search?search_terms=autoglass&geo_location_terms=68405&page=1,Nebraska,68405,FALSE
36011,https://www.yellowpages.com/search?search_terms=autoglass&geo_location_terms=68406&page=1,Nebraska,68406,FALSE
36012,https://www.yellowpages.com/search?search_terms=autoglass&geo_location_terms=68407&page=1,Nebraska,68407,FALSE
36013,https://www.yellowpages.com/search?search_terms=autoglass&geo_location_terms=68409&page=1,Nebraska,68409,FALSE
36014,https://www.yellowpages.com/search?search_terms=autoglass&geo_location_terms=68410&page=1,Nebraska,68410,FALSE
36015,https://www.yellowpages.com/search?search_terms=autoglass&geo_location_terms=68413&page=1,Nebraska,68413,FALSE
36016,https://www.yellowpages.com/search?search_terms=autoglass&geo_location_terms=68414&page=1,Nebraska,68414,FALSE
36017,https://www.yellowpages.com/search?search_terms=autoglass&geo_location_terms=68415&page=1,Nebraska,68415,FALSE
36018,https://www.yellowpages.com/search?search_terms=autoglass&geo_location_terms=68416&page=1,Nebraska,68416,FALSE
36019,https://www.yellowpages.com/search?search_terms=autoglass&geo_location_terms=68417&page=1,Nebraska,68417,FALSE
36020,https://www.yellowpages.com/search?search_terms=autoglass&geo_location_terms=68418&page=1,Nebraska,68418,FALSE
36021,https://www.yellowpages.com/search?search_terms=autoglass&geo_location_terms=68419&page=1,Nebraska,68419,FALSE
36022,https://www.yellowpages.com/search?search_terms=autoglass&geo_location_terms=68420&page=1,Nebraska,68420,FALSE
36023,https://www.yellowpages.com/search?search_terms=autoglass&geo_location_terms=68421&page=1,Nebraska,68421,FALSE
36024,https://www.yellowpages.com/search?search_terms=autoglass&geo_location_terms=68422&page=1,Nebraska,68422,FALSE
36025,https://www.yellowpages.com/search?search_terms=autoglass&geo_location_terms=68423&page=1,Nebraska,68423,FALSE
36026,https://www.yellowpages.com/search?search_terms=autoglass&geo_location_terms=68423&page=2,Nebraska,68423,FALSE
36027,https://www.yellowpages.com/search?search_terms=autoglass&geo_location_terms=68424&page=1,Nebraska,68424,FALSE
36028,https://www.yellowpages.com/search?search_terms=autoglass&geo_location_terms=68428&page=1,Nebraska,68428,FALSE
36029,https://www.yellowpages.com/search?search_terms=autoglass&geo_location_terms=68428&page=2,Nebraska,68428,FALSE
36030,https://www.yellowpages.com/search?search_terms=autoglass&geo_location_terms=68430&page=1,Nebraska,68430,FALSE
36031,https://www.yellowpages.com/search?search_terms=autoglass&geo_location_terms=68430&page=2,Nebraska,68430,FALSE
36032,https://www.yellowpages.com/search?search_terms=autoglass&geo_location_terms=68431&page=1,Nebraska,68431,FALSE
36033,https://www.yellowpages.com/search?search_terms=autoglass&geo_location_terms=68433&page=1,Nebraska,68433,FALSE
36034,https://www.yellowpages.com/search?search_terms=autoglass&geo_location_terms=68434&page=1,Nebraska,68434,FALSE
36035,https://www.yellowpages.com/search?search_terms=autoglass&geo_location_terms=68436&page=1,Nebraska,68436,FALSE
36036,https://www.yellowpages.com/search?search_terms=autoglass&geo_location_terms=68437&page=1,Nebraska,68437,FALSE
36037,https://www.yellowpages.com/search?search_terms=autoglass&geo_location_terms=68438&page=1,Nebraska,68438,FALSE
36038,https://www.yellowpages.com/search?search_terms=autoglass&geo_location_terms=68438&page=2,Nebraska,68438,FALSE
36039,https://www.yellowpages.com/search?search_terms=autoglass&geo_location_terms=68439&page=1,Nebraska,68439,FALSE
36040,https://www.yellowpages.com/search?search_terms=autoglass&geo_location_terms=68440&page=1,Nebraska,68440,FALSE
36041,https://www.yellowpages.com/search?search_terms=autoglass&geo_location_terms=68441&page=1,Nebraska,68441,FALSE
36042,https://www.yellowpages.com/search?search_terms=autoglass&geo_location_terms=68442&page=1,Nebraska,68442,FALSE
36043,https://www.yellowpages.com/search?search_terms=autoglass&geo_location_terms=68443&page=1,Nebraska,68443,FALSE
36044,https://www.yellowpages.com/search?search_terms=autoglass&geo_location_terms=68444&page=1,Nebraska,68444,FALSE
36045,https://www.yellowpages.com/search?search_terms=autoglass&geo_location_terms=68445&page=1,Nebraska,68445,FALSE
36046,https://www.yellowpages.com/search?search_terms=autoglass&geo_location_terms=68446&page=1,Nebraska,68446,FALSE
36047,https://www.yellowpages.com/search?search_terms=autoglass&geo_location_terms=68447&page=1,Nebraska,68447,FALSE
36048,https://www.yellowpages.com/search?search_terms=autoglass&geo_location_terms=68448&page=1,Nebraska,68448,FALSE
36049,https://www.yellowpages.com/search?search_terms=autoglass&geo_location_terms=68450&page=1,Nebraska,68450,FALSE
36050,https://www.yellowpages.com/search?search_terms=autoglass&geo_location_terms=68452&page=1,Nebraska,68452,FALSE
36051,https://www.yellowpages.com/search?search_terms=autoglass&geo_location_terms=68453&page=1,Nebraska,68453,FALSE
36052,https://www.yellowpages.com/search?search_terms=autoglass&geo_location_terms=68454&page=1,Nebraska,68454,FALSE
36053,https://www.yellowpages.com/search?search_terms=autoglass&geo_location_terms=68455&page=1,Nebraska,68455,FALSE
36054,https://www.yellowpages.com/search?search_terms=autoglass&geo_location_terms=68456&page=1,Nebraska,68456,FALSE
36055,https://www.yellowpages.com/search?search_terms=autoglass&geo_location_terms=68457&page=1,Nebraska,68457,FALSE
36056,https://www.yellowpages.com/search?search_terms=autoglass&geo_location_terms=68458&page=1,Nebraska,68458,FALSE
36057,https://www.yellowpages.com/search?search_terms=autoglass&geo_location_terms=68460&page=1,Nebraska,68460,FALSE
36058,https://www.yellowpages.com/search?search_terms=autoglass&geo_location_terms=68461&page=1,Nebraska,68461,FALSE
36059,https://www.yellowpages.com/search?search_terms=autoglass&geo_location_terms=68461&page=2,Nebraska,68461,FALSE
36060,https://www.yellowpages.com/search?search_terms=autoglass&geo_location_terms=68462&page=1,Nebraska,68462,FALSE
36061,https://www.yellowpages.com/search?search_terms=autoglass&geo_location_terms=68462&page=2,Nebraska,68462,FALSE
36062,https://www.yellowpages.com/search?search_terms=autoglass&geo_location_terms=68463&page=1,Nebraska,68463,FALSE
36063,https://www.yellowpages.com/search?search_terms=autoglass&geo_location_terms=68464&page=1,Nebraska,68464,FALSE
36064,https://www.yellowpages.com/search?search_terms=autoglass&geo_location_terms=68465&page=1,Nebraska,68465,FALSE
36065,https://www.yellowpages.com/search?search_terms=autoglass&geo_location_terms=68466&page=1,Nebraska,68466,FALSE
36066,https://www.yellowpages.com/search?search_terms=autoglass&geo_location_terms=68467&page=1,Nebraska,68467,FALSE
36067,https://www.yellowpages.com/search?search_terms=autoglass&geo_location_terms=68502&page=1,Nebraska,68502,FALSE
36068,https://www.yellowpages.com/search?search_terms=autoglass&geo_location_terms=68502&page=2,Nebraska,68502,FALSE
36069,https://www.yellowpages.com/search?search_terms=autoglass&geo_location_terms=68503&page=1,Nebraska,68503,FALSE
36070,https://www.yellowpages.com/search?search_terms=autoglass&geo_location_terms=68503&page=2,Nebraska,68503,FALSE
36071,https://www.yellowpages.com/search?search_terms=autoglass&geo_location_terms=68504&page=1,Nebraska,68504,FALSE
36072,https://www.yellowpages.com/search?search_terms=autoglass&geo_location_terms=68504&page=2,Nebraska,68504,FALSE
36073,https://www.yellowpages.com/search?search_terms=autoglass&geo_location_terms=68505&page=1,Nebraska,68505,FALSE
36074,https://www.yellowpages.com/search?search_terms=autoglass&geo_location_terms=68505&page=2,Nebraska,68505,FALSE
36075,https://www.yellowpages.com/search?search_terms=autoglass&geo_location_terms=68506&page=1,Nebraska,68506,FALSE
36076,https://www.yellowpages.com/search?search_terms=autoglass&geo_location_terms=68506&page=2,Nebraska,68506,FALSE
36077,https://www.yellowpages.com/search?search_terms=autoglass&geo_location_terms=68507&page=1,Nebraska,68507,FALSE
36078,https://www.yellowpages.com/search?search_terms=autoglass&geo_location_terms=68507&page=2,Nebraska,68507,FALSE
36079,https://www.yellowpages.com/search?search_terms=autoglass&geo_location_terms=68508&page=1,Nebraska,68508,FALSE
36080,https://www.yellowpages.com/search?search_terms=autoglass&geo_location_terms=68508&page=2,Nebraska,68508,FALSE
36081,https://www.yellowpages.com/search?search_terms=autoglass&geo_location_terms=68510&page=1,Nebraska,68510,FALSE
36082,https://www.yellowpages.com/search?search_terms=autoglass&geo_location_terms=68510&page=2,Nebraska,68510,FALSE
36083,https://www.yellowpages.com/search?search_terms=autoglass&geo_location_terms=68512&page=1,Nebraska,68512,FALSE
36084,https://www.yellowpages.com/search?search_terms=autoglass&geo_location_terms=68512&page=2,Nebraska,68512,FALSE
36085,https://www.yellowpages.com/search?search_terms=autoglass&geo_location_terms=68514&page=1,Nebraska,68514,FALSE
36086,https://www.yellowpages.com/search?search_terms=autoglass&geo_location_terms=68514&page=2,Nebraska,68514,FALSE
36087,https://www.yellowpages.com/search?search_terms=autoglass&geo_location_terms=68516&page=1,Nebraska,68516,FALSE
36088,https://www.yellowpages.com/search?search_terms=autoglass&geo_location_terms=68516&page=2,Nebraska,68516,FALSE
36089,https://www.yellowpages.com/search?search_terms=autoglass&geo_location_terms=68517&page=1,Nebraska,68517,FALSE
36090,https://www.yellowpages.com/search?search_terms=autoglass&geo_location_terms=68517&page=2,Nebraska,68517,FALSE
36091,https://www.yellowpages.com/search?search_terms=autoglass&geo_location_terms=68520&page=1,Nebraska,68520,FALSE
36092,https://www.yellowpages.com/search?search_terms=autoglass&geo_location_terms=68520&page=2,Nebraska,68520,FALSE
36093,https://www.yellowpages.com/search?search_terms=autoglass&geo_location_terms=68521&page=1,Nebraska,68521,FALSE
36094,https://www.yellowpages.com/search?search_terms=autoglass&geo_location_terms=68521&page=2,Nebraska,68521,FALSE
36095,https://www.yellowpages.com/search?search_terms=autoglass&geo_location_terms=68522&page=1,Nebraska,68522,FALSE
36096,https://www.yellowpages.com/search?search_terms=autoglass&geo_location_terms=68522&page=2,Nebraska,68522,FALSE
36097,https://www.yellowpages.com/search?search_terms=autoglass&geo_location_terms=68523&page=1,Nebraska,68523,FALSE
36098,https://www.yellowpages.com/search?search_terms=autoglass&geo_location_terms=68523&page=2,Nebraska,68523,FALSE
36099,https://www.yellowpages.com/search?search_terms=autoglass&geo_location_terms=68524&page=1,Nebraska,68524,FALSE
36100,https://www.yellowpages.com/search?search_terms=autoglass&geo_location_terms=68524&page=2,Nebraska,68524,FALSE
36101,https://www.yellowpages.com/search?search_terms=autoglass&geo_location_terms=68526&page=1,Nebraska,68526,FALSE
36102,https://www.yellowpages.com/search?search_terms=autoglass&geo_location_terms=68526&page=2,Nebraska,68526,FALSE
36103,https://www.yellowpages.com/search?search_terms=autoglass&geo_location_terms=68527&page=1,Nebraska,68527,FALSE
36104,https://www.yellowpages.com/search?search_terms=autoglass&geo_location_terms=68527&page=2,Nebraska,68527,FALSE
36105,https://www.yellowpages.com/search?search_terms=autoglass&geo_location_terms=68528&page=1,Nebraska,68528,FALSE
36106,https://www.yellowpages.com/search?search_terms=autoglass&geo_location_terms=68528&page=2,Nebraska,68528,FALSE
36107,https://www.yellowpages.com/search?search_terms=autoglass&geo_location_terms=68531&page=1,Nebraska,68531,FALSE
36108,https://www.yellowpages.com/search?search_terms=autoglass&geo_location_terms=68531&page=2,Nebraska,68531,FALSE
36109,https://www.yellowpages.com/search?search_terms=autoglass&geo_location_terms=68532&page=1,Nebraska,68532,FALSE
36110,https://www.yellowpages.com/search?search_terms=autoglass&geo_location_terms=68532&page=2,Nebraska,68532,FALSE
36111,https://www.yellowpages.com/search?search_terms=autoglass&geo_location_terms=68601&page=1,Nebraska,68601,FALSE
36112,https://www.yellowpages.com/search?search_terms=autoglass&geo_location_terms=68620&page=1,Nebraska,68620,FALSE
36113,https://www.yellowpages.com/search?search_terms=autoglass&geo_location_terms=68621&page=1,Nebraska,68621,FALSE
36114,https://www.yellowpages.com/search?search_terms=autoglass&geo_location_terms=68622&page=1,Nebraska,68622,FALSE
36115,https://www.yellowpages.com/search?search_terms=autoglass&geo_location_terms=68623&page=1,Nebraska,68623,FALSE
36116,https://www.yellowpages.com/search?search_terms=autoglass&geo_location_terms=68624&page=1,Nebraska,68624,FALSE
36117,https://www.yellowpages.com/search?search_terms=autoglass&geo_location_terms=68626&page=1,Nebraska,68626,FALSE
36118,https://www.yellowpages.com/search?search_terms=autoglass&geo_location_terms=68627&page=1,Nebraska,68627,FALSE
36119,https://www.yellowpages.com/search?search_terms=autoglass&geo_location_terms=68628&page=1,Nebraska,68628,FALSE
36120,https://www.yellowpages.com/search?search_terms=autoglass&geo_location_terms=68629&page=1,Nebraska,68629,FALSE
36121,https://www.yellowpages.com/search?search_terms=autoglass&geo_location_terms=68631&page=1,Nebraska,68631,FALSE
36122,https://www.yellowpages.com/search?search_terms=autoglass&geo_location_terms=68632&page=1,Nebraska,68632,FALSE
36123,https://www.yellowpages.com/search?search_terms=autoglass&geo_location_terms=68633&page=1,Nebraska,68633,FALSE
36124,https://www.yellowpages.com/search?search_terms=autoglass&geo_location_terms=68634&page=1,Nebraska,68634,FALSE
36125,https://www.yellowpages.com/search?search_terms=autoglass&geo_location_terms=68635&page=1,Nebraska,68635,FALSE
36126,https://www.yellowpages.com/search?search_terms=autoglass&geo_location_terms=68636&page=1,Nebraska,68636,FALSE
36127,https://www.yellowpages.com/search?search_terms=autoglass&geo_location_terms=68637&page=1,Nebraska,68637,FALSE
36128,https://www.yellowpages.com/search?search_terms=autoglass&geo_location_terms=68638&page=1,Nebraska,68638,FALSE
36129,https://www.yellowpages.com/search?search_terms=autoglass&geo_location_terms=68640&page=1,Nebraska,68640,FALSE
36130,https://www.yellowpages.com/search?search_terms=autoglass&geo_location_terms=68641&page=1,Nebraska,68641,FALSE
36131,https://www.yellowpages.com/search?search_terms=autoglass&geo_location_terms=68642&page=1,Nebraska,68642,FALSE
36132,https://www.yellowpages.com/search?search_terms=autoglass&geo_location_terms=68643&page=1,Nebraska,68643,FALSE
36133,https://www.yellowpages.com/search?search_terms=autoglass&geo_location_terms=68644&page=1,Nebraska,68644,FALSE
36134,https://www.yellowpages.com/search?search_terms=autoglass&geo_location_terms=68647&page=1,Nebraska,68647,FALSE
36135,https://www.yellowpages.com/search?search_terms=autoglass&geo_location_terms=68648&page=1,Nebraska,68648,FALSE
36136,https://www.yellowpages.com/search?search_terms=autoglass&geo_location_terms=68649&page=1,Nebraska,68649,FALSE
36137,https://www.yellowpages.com/search?search_terms=autoglass&geo_location_terms=68651&page=1,Nebraska,68651,FALSE
36138,https://www.yellowpages.com/search?search_terms=autoglass&geo_location_terms=68652&page=1,Nebraska,68652,FALSE
36139,https://www.yellowpages.com/search?search_terms=autoglass&geo_location_terms=68653&page=1,Nebraska,68653,FALSE
36140,https://www.yellowpages.com/search?search_terms=autoglass&geo_location_terms=68654&page=1,Nebraska,68654,FALSE
36141,https://www.yellowpages.com/search?search_terms=autoglass&geo_location_terms=68655&page=1,Nebraska,68655,FALSE
36142,https://www.yellowpages.com/search?search_terms=autoglass&geo_location_terms=68658&page=1,Nebraska,68658,FALSE
36143,https://www.yellowpages.com/search?search_terms=autoglass&geo_location_terms=68659&page=1,Nebraska,68659,FALSE
36144,https://www.yellowpages.com/search?search_terms=autoglass&geo_location_terms=68660&page=1,Nebraska,68660,FALSE
36145,https://www.yellowpages.com/search?search_terms=autoglass&geo_location_terms=68661&page=1,Nebraska,68661,FALSE
36146,https://www.yellowpages.com/search?search_terms=autoglass&geo_location_terms=68662&page=1,Nebraska,68662,FALSE
36147,https://www.yellowpages.com/search?search_terms=autoglass&geo_location_terms=68663&page=1,Nebraska,68663,FALSE
36148,https://www.yellowpages.com/search?search_terms=autoglass&geo_location_terms=68664&page=1,Nebraska,68664,FALSE
36149,https://www.yellowpages.com/search?search_terms=autoglass&geo_location_terms=68665&page=1,Nebraska,68665,FALSE
36150,https://www.yellowpages.com/search?search_terms=autoglass&geo_location_terms=68666&page=1,Nebraska,68666,FALSE
36151,https://www.yellowpages.com/search?search_terms=autoglass&geo_location_terms=68667&page=1,Nebraska,68667,FALSE
36152,https://www.yellowpages.com/search?search_terms=autoglass&geo_location_terms=68669&page=1,Nebraska,68669,FALSE
36153,https://www.yellowpages.com/search?search_terms=autoglass&geo_location_terms=68701&page=1,Nebraska,68701,FALSE
36154,https://www.yellowpages.com/search?search_terms=autoglass&geo_location_terms=68710&page=1,Nebraska,68710,FALSE
36155,https://www.yellowpages.com/search?search_terms=autoglass&geo_location_terms=68711&page=1,Nebraska,68711,FALSE
36156,https://www.yellowpages.com/search?search_terms=autoglass&geo_location_terms=68713&page=1,Nebraska,68713,FALSE
36157,https://www.yellowpages.com/search?search_terms=autoglass&geo_location_terms=68714&page=1,Nebraska,68714,FALSE
36158,https://www.yellowpages.com/search?search_terms=autoglass&geo_location_terms=68715&page=1,Nebraska,68715,FALSE
36159,https://www.yellowpages.com/search?search_terms=autoglass&geo_location_terms=68716&page=1,Nebraska,68716,FALSE
36160,https://www.yellowpages.com/search?search_terms=autoglass&geo_location_terms=68717&page=1,Nebraska,68717,FALSE
36161,https://www.yellowpages.com/search?search_terms=autoglass&geo_location_terms=68718&page=1,Nebraska,68718,FALSE
36162,https://www.yellowpages.com/search?search_terms=autoglass&geo_location_terms=68719&page=1,Nebraska,68719,FALSE
36163,https://www.yellowpages.com/search?search_terms=autoglass&geo_location_terms=68720&page=1,Nebraska,68720,FALSE
36164,https://www.yellowpages.com/search?search_terms=autoglass&geo_location_terms=68722&page=1,Nebraska,68722,FALSE
36165,https://www.yellowpages.com/search?search_terms=autoglass&geo_location_terms=68723&page=1,Nebraska,68723,FALSE
36166,https://www.yellowpages.com/search?search_terms=autoglass&geo_location_terms=68724&page=1,Nebraska,68724,FALSE
36167,https://www.yellowpages.com/search?search_terms=autoglass&geo_location_terms=68725&page=1,Nebraska,68725,FALSE
36168,https://www.yellowpages.com/search?search_terms=autoglass&geo_location_terms=68726&page=1,Nebraska,68726,FALSE
36169,https://www.yellowpages.com/search?search_terms=autoglass&geo_location_terms=68727&page=1,Nebraska,68727,FALSE
36170,https://www.yellowpages.com/search?search_terms=autoglass&geo_location_terms=68728&page=1,Nebraska,68728,FALSE
36171,https://www.yellowpages.com/search?search_terms=autoglass&geo_location_terms=68729&page=1,Nebraska,68729,FALSE
36172,https://www.yellowpages.com/search?search_terms=autoglass&geo_location_terms=68730&page=1,Nebraska,68730,FALSE
36173,https://www.yellowpages.com/search?search_terms=autoglass&geo_location_terms=68731&page=1,Nebraska,68731,FALSE
36174,https://www.yellowpages.com/search?search_terms=autoglass&geo_location_terms=68732&page=1,Nebraska,68732,FALSE
36175,https://www.yellowpages.com/search?search_terms=autoglass&geo_location_terms=68733&page=1,Nebraska,68733,FALSE
36176,https://www.yellowpages.com/search?search_terms=autoglass&geo_location_terms=68734&page=1,Nebraska,68734,FALSE
36177,https://www.yellowpages.com/search?search_terms=autoglass&geo_location_terms=68735&page=1,Nebraska,68735,FALSE
36178,https://www.yellowpages.com/search?search_terms=autoglass&geo_location_terms=68736&page=1,Nebraska,68736,FALSE
36179,https://www.yellowpages.com/search?search_terms=autoglass&geo_location_terms=68739&page=1,Nebraska,68739,FALSE
36180,https://www.yellowpages.com/search?search_terms=autoglass&geo_location_terms=68740&page=1,Nebraska,68740,FALSE
36181,https://www.yellowpages.com/search?search_terms=autoglass&geo_location_terms=68741&page=1,Nebraska,68741,FALSE
36182,https://www.yellowpages.com/search?search_terms=autoglass&geo_location_terms=68742&page=1,Nebraska,68742,FALSE
36183,https://www.yellowpages.com/search?search_terms=autoglass&geo_location_terms=68743&page=1,Nebraska,68743,FALSE
36184,https://www.yellowpages.com/search?search_terms=autoglass&geo_location_terms=68745&page=1,Nebraska,68745,FALSE
36185,https://www.yellowpages.com/search?search_terms=autoglass&geo_location_terms=68746&page=1,Nebraska,68746,FALSE
36186,https://www.yellowpages.com/search?search_terms=autoglass&geo_location_terms=68747&page=1,Nebraska,68747,FALSE
36187,https://www.yellowpages.com/search?search_terms=autoglass&geo_location_terms=68748&page=1,Nebraska,68748,FALSE
36188,https://www.yellowpages.com/search?search_terms=autoglass&geo_location_terms=68749&page=1,Nebraska,68749,FALSE
36189,https://www.yellowpages.com/search?search_terms=autoglass&geo_location_terms=68751&page=1,Nebraska,68751,FALSE
36190,https://www.yellowpages.com/search?search_terms=autoglass&geo_location_terms=68752&page=1,Nebraska,68752,FALSE
36191,https://www.yellowpages.com/search?search_terms=autoglass&geo_location_terms=68753&page=1,Nebraska,68753,FALSE
36192,https://www.yellowpages.com/search?search_terms=autoglass&geo_location_terms=68755&page=1,Nebraska,68755,FALSE
36193,https://www.yellowpages.com/search?search_terms=autoglass&geo_location_terms=68756&page=1,Nebraska,68756,FALSE
36194,https://www.yellowpages.com/search?search_terms=autoglass&geo_location_terms=68757&page=1,Nebraska,68757,FALSE
36195,https://www.yellowpages.com/search?search_terms=autoglass&geo_location_terms=68758&page=1,Nebraska,68758,FALSE
36196,https://www.yellowpages.com/search?search_terms=autoglass&geo_location_terms=68759&page=1,Nebraska,68759,FALSE
36197,https://www.yellowpages.com/search?search_terms=autoglass&geo_location_terms=68760&page=1,Nebraska,68760,FALSE
36198,https://www.yellowpages.com/search?search_terms=autoglass&geo_location_terms=68761&page=1,Nebraska,68761,FALSE
36199,https://www.yellowpages.com/search?search_terms=autoglass&geo_location_terms=68763&page=1,Nebraska,68763,FALSE
36200,https://www.yellowpages.com/search?search_terms=autoglass&geo_location_terms=68764&page=1,Nebraska,68764,FALSE
36201,https://www.yellowpages.com/search?search_terms=autoglass&geo_location_terms=68765&page=1,Nebraska,68765,FALSE
36202,https://www.yellowpages.com/search?search_terms=autoglass&geo_location_terms=68766&page=1,Nebraska,68766,FALSE
36203,https://www.yellowpages.com/search?search_terms=autoglass&geo_location_terms=68767&page=1,Nebraska,68767,FALSE
36204,https://www.yellowpages.com/search?search_terms=autoglass&geo_location_terms=68768&page=1,Nebraska,68768,FALSE
36205,https://www.yellowpages.com/search?search_terms=autoglass&geo_location_terms=68769&page=1,Nebraska,68769,FALSE
36206,https://www.yellowpages.com/search?search_terms=autoglass&geo_location_terms=68770&page=1,Nebraska,68770,FALSE
36207,https://www.yellowpages.com/search?search_terms=autoglass&geo_location_terms=68771&page=1,Nebraska,68771,FALSE
36208,https://www.yellowpages.com/search?search_terms=autoglass&geo_location_terms=68773&page=1,Nebraska,68773,FALSE
36209,https://www.yellowpages.com/search?search_terms=autoglass&geo_location_terms=68774&page=1,Nebraska,68774,FALSE
36210,https://www.yellowpages.com/search?search_terms=autoglass&geo_location_terms=68776&page=1,Nebraska,68776,FALSE
36211,https://www.yellowpages.com/search?search_terms=autoglass&geo_location_terms=68777&page=1,Nebraska,68777,FALSE
36212,https://www.yellowpages.com/search?search_terms=autoglass&geo_location_terms=68778&page=1,Nebraska,68778,FALSE
36213,https://www.yellowpages.com/search?search_terms=autoglass&geo_location_terms=68779&page=1,Nebraska,68779,FALSE
36214,https://www.yellowpages.com/search?search_terms=autoglass&geo_location_terms=68780&page=1,Nebraska,68780,FALSE
36215,https://www.yellowpages.com/search?search_terms=autoglass&geo_location_terms=68781&page=1,Nebraska,68781,FALSE
36216,https://www.yellowpages.com/search?search_terms=autoglass&geo_location_terms=68783&page=1,Nebraska,68783,FALSE
36217,https://www.yellowpages.com/search?search_terms=autoglass&geo_location_terms=68784&page=1,Nebraska,68784,FALSE
36218,https://www.yellowpages.com/search?search_terms=autoglass&geo_location_terms=68785&page=1,Nebraska,68785,FALSE
36219,https://www.yellowpages.com/search?search_terms=autoglass&geo_location_terms=68786&page=1,Nebraska,68786,FALSE
36220,https://www.yellowpages.com/search?search_terms=autoglass&geo_location_terms=68787&page=1,Nebraska,68787,FALSE
36221,https://www.yellowpages.com/search?search_terms=autoglass&geo_location_terms=68788&page=1,Nebraska,68788,FALSE
36222,https://www.yellowpages.com/search?search_terms=autoglass&geo_location_terms=68789&page=1,Nebraska,68789,FALSE
36223,https://www.yellowpages.com/search?search_terms=autoglass&geo_location_terms=68790&page=1,Nebraska,68790,FALSE
36224,https://www.yellowpages.com/search?search_terms=autoglass&geo_location_terms=68791&page=1,Nebraska,68791,FALSE
36225,https://www.yellowpages.com/search?search_terms=autoglass&geo_location_terms=68792&page=1,Nebraska,68792,FALSE
36226,https://www.yellowpages.com/search?search_terms=autoglass&geo_location_terms=68801&page=1,Nebraska,68801,FALSE
36227,https://www.yellowpages.com/search?search_terms=autoglass&geo_location_terms=68803&page=1,Nebraska,68803,FALSE
36228,https://www.yellowpages.com/search?search_terms=autoglass&geo_location_terms=68810&page=1,Nebraska,68810,FALSE
36229,https://www.yellowpages.com/search?search_terms=autoglass&geo_location_terms=68812&page=1,Nebraska,68812,FALSE
36230,https://www.yellowpages.com/search?search_terms=autoglass&geo_location_terms=68813&page=1,Nebraska,68813,FALSE
36231,https://www.yellowpages.com/search?search_terms=autoglass&geo_location_terms=68814&page=1,Nebraska,68814,FALSE
36232,https://www.yellowpages.com/search?search_terms=autoglass&geo_location_terms=68815&page=1,Nebraska,68815,FALSE
36233,https://www.yellowpages.com/search?search_terms=autoglass&geo_location_terms=68816&page=1,Nebraska,68816,FALSE
36234,https://www.yellowpages.com/search?search_terms=autoglass&geo_location_terms=68817&page=1,Nebraska,68817,FALSE
36235,https://www.yellowpages.com/search?search_terms=autoglass&geo_location_terms=68818&page=1,Nebraska,68818,FALSE
36236,https://www.yellowpages.com/search?search_terms=autoglass&geo_location_terms=68820&page=1,Nebraska,68820,FALSE
36237,https://www.yellowpages.com/search?search_terms=autoglass&geo_location_terms=68821&page=1,Nebraska,68821,FALSE
36238,https://www.yellowpages.com/search?search_terms=autoglass&geo_location_terms=68822&page=1,Nebraska,68822,FALSE
36239,https://www.yellowpages.com/search?search_terms=autoglass&geo_location_terms=68823&page=1,Nebraska,68823,FALSE
36240,https://www.yellowpages.com/search?search_terms=autoglass&geo_location_terms=68824&page=1,Nebraska,68824,FALSE
36241,https://www.yellowpages.com/search?search_terms=autoglass&geo_location_terms=68825&page=1,Nebraska,68825,FALSE
36242,https://www.yellowpages.com/search?search_terms=autoglass&geo_location_terms=68826&page=1,Nebraska,68826,FALSE
36243,https://www.yellowpages.com/search?search_terms=autoglass&geo_location_terms=68827&page=1,Nebraska,68827,FALSE
36244,https://www.yellowpages.com/search?search_terms=autoglass&geo_location_terms=68828&page=1,Nebraska,68828,FALSE
36245,https://www.yellowpages.com/search?search_terms=autoglass&geo_location_terms=68831&page=1,Nebraska,68831,FALSE
36246,https://www.yellowpages.com/search?search_terms=autoglass&geo_location_terms=68832&page=1,Nebraska,68832,FALSE
36247,https://www.yellowpages.com/search?search_terms=autoglass&geo_location_terms=68833&page=1,Nebraska,68833,FALSE
36248,https://www.yellowpages.com/search?search_terms=autoglass&geo_location_terms=68834&page=1,Nebraska,68834,FALSE
36249,https://www.yellowpages.com/search?search_terms=autoglass&geo_location_terms=68835&page=1,Nebraska,68835,FALSE
36250,https://www.yellowpages.com/search?search_terms=autoglass&geo_location_terms=68836&page=1,Nebraska,68836,FALSE
36251,https://www.yellowpages.com/search?search_terms=autoglass&geo_location_terms=68837&page=1,Nebraska,68837,FALSE
36252,https://www.yellowpages.com/search?search_terms=autoglass&geo_location_terms=68838&page=1,Nebraska,68838,FALSE
36253,https://www.yellowpages.com/search?search_terms=autoglass&geo_location_terms=68840&page=1,Nebraska,68840,FALSE
36254,https://www.yellowpages.com/search?search_terms=autoglass&geo_location_terms=68841&page=1,Nebraska,68841,FALSE
36255,https://www.yellowpages.com/search?search_terms=autoglass&geo_location_terms=68842&page=1,Nebraska,68842,FALSE
36256,https://www.yellowpages.com/search?search_terms=autoglass&geo_location_terms=68843&page=1,Nebraska,68843,FALSE
36257,https://www.yellowpages.com/search?search_terms=autoglass&geo_location_terms=68844&page=1,Nebraska,68844,FALSE
36258,https://www.yellowpages.com/search?search_terms=autoglass&geo_location_terms=68845&page=1,Nebraska,68845,FALSE
36259,https://www.yellowpages.com/search?search_terms=autoglass&geo_location_terms=68846&page=1,Nebraska,68846,FALSE
36260,https://www.yellowpages.com/search?search_terms=autoglass&geo_location_terms=68847&page=1,Nebraska,68847,FALSE
36261,https://www.yellowpages.com/search?search_terms=autoglass&geo_location_terms=68849&page=1,Nebraska,68849,FALSE
36262,https://www.yellowpages.com/search?search_terms=autoglass&geo_location_terms=68850&page=1,Nebraska,68850,FALSE
36263,https://www.yellowpages.com/search?search_terms=autoglass&geo_location_terms=68852&page=1,Nebraska,68852,FALSE
36264,https://www.yellowpages.com/search?search_terms=autoglass&geo_location_terms=68853&page=1,Nebraska,68853,FALSE
36265,https://www.yellowpages.com/search?search_terms=autoglass&geo_location_terms=68854&page=1,Nebraska,68854,FALSE
36266,https://www.yellowpages.com/search?search_terms=autoglass&geo_location_terms=68855&page=1,Nebraska,68855,FALSE
36267,https://www.yellowpages.com/search?search_terms=autoglass&geo_location_terms=68856&page=1,Nebraska,68856,FALSE
36268,https://www.yellowpages.com/search?search_terms=autoglass&geo_location_terms=68858&page=1,Nebraska,68858,FALSE
36269,https://www.yellowpages.com/search?search_terms=autoglass&geo_location_terms=68859&page=1,Nebraska,68859,FALSE
36270,https://www.yellowpages.com/search?search_terms=autoglass&geo_location_terms=68860&page=1,Nebraska,68860,FALSE
36271,https://www.yellowpages.com/search?search_terms=autoglass&geo_location_terms=68861&page=1,Nebraska,68861,FALSE
36272,https://www.yellowpages.com/search?search_terms=autoglass&geo_location_terms=68862&page=1,Nebraska,68862,FALSE
36273,https://www.yellowpages.com/search?search_terms=autoglass&geo_location_terms=68863&page=1,Nebraska,68863,FALSE
36274,https://www.yellowpages.com/search?search_terms=autoglass&geo_location_terms=68864&page=1,Nebraska,68864,FALSE
36275,https://www.yellowpages.com/search?search_terms=autoglass&geo_location_terms=68865&page=1,Nebraska,68865,FALSE
36276,https://www.yellowpages.com/search?search_terms=autoglass&geo_location_terms=68866&page=1,Nebraska,68866,FALSE
36277,https://www.yellowpages.com/search?search_terms=autoglass&geo_location_terms=68869&page=1,Nebraska,68869,FALSE
36278,https://www.yellowpages.com/search?search_terms=autoglass&geo_location_terms=68870&page=1,Nebraska,68870,FALSE
36279,https://www.yellowpages.com/search?search_terms=autoglass&geo_location_terms=68871&page=1,Nebraska,68871,FALSE
36280,https://www.yellowpages.com/search?search_terms=autoglass&geo_location_terms=68872&page=1,Nebraska,68872,FALSE
36281,https://www.yellowpages.com/search?search_terms=autoglass&geo_location_terms=68873&page=1,Nebraska,68873,FALSE
36282,https://www.yellowpages.com/search?search_terms=autoglass&geo_location_terms=68874&page=1,Nebraska,68874,FALSE
36283,https://www.yellowpages.com/search?search_terms=autoglass&geo_location_terms=68875&page=1,Nebraska,68875,FALSE
36284,https://www.yellowpages.com/search?search_terms=autoglass&geo_location_terms=68876&page=1,Nebraska,68876,FALSE
36285,https://www.yellowpages.com/search?search_terms=autoglass&geo_location_terms=68878&page=1,Nebraska,68878,FALSE
36286,https://www.yellowpages.com/search?search_terms=autoglass&geo_location_terms=68879&page=1,Nebraska,68879,FALSE
36287,https://www.yellowpages.com/search?search_terms=autoglass&geo_location_terms=68881&page=1,Nebraska,68881,FALSE
36288,https://www.yellowpages.com/search?search_terms=autoglass&geo_location_terms=68882&page=1,Nebraska,68882,FALSE
36289,https://www.yellowpages.com/search?search_terms=autoglass&geo_location_terms=68883&page=1,Nebraska,68883,FALSE
36290,https://www.yellowpages.com/search?search_terms=autoglass&geo_location_terms=68901&page=1,Nebraska,68901,FALSE
36291,https://www.yellowpages.com/search?search_terms=autoglass&geo_location_terms=68920&page=1,Nebraska,68920,FALSE
36292,https://www.yellowpages.com/search?search_terms=autoglass&geo_location_terms=68922&page=1,Nebraska,68922,FALSE
36293,https://www.yellowpages.com/search?search_terms=autoglass&geo_location_terms=68923&page=1,Nebraska,68923,FALSE
36294,https://www.yellowpages.com/search?search_terms=autoglass&geo_location_terms=68924&page=1,Nebraska,68924,FALSE
36295,https://www.yellowpages.com/search?search_terms=autoglass&geo_location_terms=68925&page=1,Nebraska,68925,FALSE
36296,https://www.yellowpages.com/search?search_terms=autoglass&geo_location_terms=68926&page=1,Nebraska,68926,FALSE
36297,https://www.yellowpages.com/search?search_terms=autoglass&geo_location_terms=68927&page=1,Nebraska,68927,FALSE
36298,https://www.yellowpages.com/search?search_terms=autoglass&geo_location_terms=68928&page=1,Nebraska,68928,FALSE
36299,https://www.yellowpages.com/search?search_terms=autoglass&geo_location_terms=68929&page=1,Nebraska,68929,FALSE
36300,https://www.yellowpages.com/search?search_terms=autoglass&geo_location_terms=68930&page=1,Nebraska,68930,FALSE
36301,https://www.yellowpages.com/search?search_terms=autoglass&geo_location_terms=68932&page=1,Nebraska,68932,FALSE
36302,https://www.yellowpages.com/search?search_terms=autoglass&geo_location_terms=68933&page=1,Nebraska,68933,FALSE
36303,https://www.yellowpages.com/search?search_terms=autoglass&geo_location_terms=68934&page=1,Nebraska,68934,FALSE
36304,https://www.yellowpages.com/search?search_terms=autoglass&geo_location_terms=68935&page=1,Nebraska,68935,FALSE
36305,https://www.yellowpages.com/search?search_terms=autoglass&geo_location_terms=68936&page=1,Nebraska,68936,FALSE
36306,https://www.yellowpages.com/search?search_terms=autoglass&geo_location_terms=68937&page=1,Nebraska,68937,FALSE
36307,https://www.yellowpages.com/search?search_terms=autoglass&geo_location_terms=68938&page=1,Nebraska,68938,FALSE
36308,https://www.yellowpages.com/search?search_terms=autoglass&geo_location_terms=68939&page=1,Nebraska,68939,FALSE
36309,https://www.yellowpages.com/search?search_terms=autoglass&geo_location_terms=68940&page=1,Nebraska,68940,FALSE
36310,https://www.yellowpages.com/search?search_terms=autoglass&geo_location_terms=68941&page=1,Nebraska,68941,FALSE
36311,https://www.yellowpages.com/search?search_terms=autoglass&geo_location_terms=68942&page=1,Nebraska,68942,FALSE
36312,https://www.yellowpages.com/search?search_terms=autoglass&geo_location_terms=68943&page=1,Nebraska,68943,FALSE
36313,https://www.yellowpages.com/search?search_terms=autoglass&geo_location_terms=68944&page=1,Nebraska,68944,FALSE
36314,https://www.yellowpages.com/search?search_terms=autoglass&geo_location_terms=68945&page=1,Nebraska,68945,FALSE
36315,https://www.yellowpages.com/search?search_terms=autoglass&geo_location_terms=68946&page=1,Nebraska,68946,FALSE
36316,https://www.yellowpages.com/search?search_terms=autoglass&geo_location_terms=68947&page=1,Nebraska,68947,FALSE
36317,https://www.yellowpages.com/search?search_terms=autoglass&geo_location_terms=68948&page=1,Nebraska,68948,FALSE
36318,https://www.yellowpages.com/search?search_terms=autoglass&geo_location_terms=68949&page=1,Nebraska,68949,FALSE
36319,https://www.yellowpages.com/search?search_terms=autoglass&geo_location_terms=68950&page=1,Nebraska,68950,FALSE
36320,https://www.yellowpages.com/search?search_terms=autoglass&geo_location_terms=68952&page=1,Nebraska,68952,FALSE
36321,https://www.yellowpages.com/search?search_terms=autoglass&geo_location_terms=68954&page=1,Nebraska,68954,FALSE
36322,https://www.yellowpages.com/search?search_terms=autoglass&geo_location_terms=68955&page=1,Nebraska,68955,FALSE
36323,https://www.yellowpages.com/search?search_terms=autoglass&geo_location_terms=68956&page=1,Nebraska,68956,FALSE
36324,https://www.yellowpages.com/search?search_terms=autoglass&geo_location_terms=68957&page=1,Nebraska,68957,FALSE
36325,https://www.yellowpages.com/search?search_terms=autoglass&geo_location_terms=68958&page=1,Nebraska,68958,FALSE
36326,https://www.yellowpages.com/search?search_terms=autoglass&geo_location_terms=68959&page=1,Nebraska,68959,FALSE
36327,https://www.yellowpages.com/search?search_terms=autoglass&geo_location_terms=68960&page=1,Nebraska,68960,FALSE
36328,https://www.yellowpages.com/search?search_terms=autoglass&geo_location_terms=68961&page=1,Nebraska,68961,FALSE
36329,https://www.yellowpages.com/search?search_terms=autoglass&geo_location_terms=68964&page=1,Nebraska,68964,FALSE
36330,https://www.yellowpages.com/search?search_terms=autoglass&geo_location_terms=68966&page=1,Nebraska,68966,FALSE
36331,https://www.yellowpages.com/search?search_terms=autoglass&geo_location_terms=68967&page=1,Nebraska,68967,FALSE
36332,https://www.yellowpages.com/search?search_terms=autoglass&geo_location_terms=68969&page=1,Nebraska,68969,FALSE
36333,https://www.yellowpages.com/search?search_terms=autoglass&geo_location_terms=68970&page=1,Nebraska,68970,FALSE
36334,https://www.yellowpages.com/search?search_terms=autoglass&geo_location_terms=68971&page=1,Nebraska,68971,FALSE
36335,https://www.yellowpages.com/search?search_terms=autoglass&geo_location_terms=68972&page=1,Nebraska,68972,FALSE
36336,https://www.yellowpages.com/search?search_terms=autoglass&geo_location_terms=68973&page=1,Nebraska,68973,FALSE
36337,https://www.yellowpages.com/search?search_terms=autoglass&geo_location_terms=68974&page=1,Nebraska,68974,FALSE
36338,https://www.yellowpages.com/search?search_terms=autoglass&geo_location_terms=68975&page=1,Nebraska,68975,FALSE
36339,https://www.yellowpages.com/search?search_terms=autoglass&geo_location_terms=68976&page=1,Nebraska,68976,FALSE
36340,https://www.yellowpages.com/search?search_terms=autoglass&geo_location_terms=68977&page=1,Nebraska,68977,FALSE
36341,https://www.yellowpages.com/search?search_terms=autoglass&geo_location_terms=68978&page=1,Nebraska,68978,FALSE
36342,https://www.yellowpages.com/search?search_terms=autoglass&geo_location_terms=68979&page=1,Nebraska,68979,FALSE
36343,https://www.yellowpages.com/search?search_terms=autoglass&geo_location_terms=68980&page=1,Nebraska,68980,FALSE
36344,https://www.yellowpages.com/search?search_terms=autoglass&geo_location_terms=68981&page=1,Nebraska,68981,FALSE
36345,https://www.yellowpages.com/search?search_terms=autoglass&geo_location_terms=68982&page=1,Nebraska,68982,FALSE
36346,https://www.yellowpages.com/search?search_terms=autoglass&geo_location_terms=69001&page=1,Nebraska,69001,FALSE
36347,https://www.yellowpages.com/search?search_terms=autoglass&geo_location_terms=69020&page=1,Nebraska,69020,FALSE
36348,https://www.yellowpages.com/search?search_terms=autoglass&geo_location_terms=69021&page=1,Nebraska,69021,FALSE
36349,https://www.yellowpages.com/search?search_terms=autoglass&geo_location_terms=69022&page=1,Nebraska,69022,FALSE
36350,https://www.yellowpages.com/search?search_terms=autoglass&geo_location_terms=69023&page=1,Nebraska,69023,FALSE
36351,https://www.yellowpages.com/search?search_terms=autoglass&geo_location_terms=69024&page=1,Nebraska,69024,FALSE
36352,https://www.yellowpages.com/search?search_terms=autoglass&geo_location_terms=69025&page=1,Nebraska,69025,FALSE
36353,https://www.yellowpages.com/search?search_terms=autoglass&geo_location_terms=69026&page=1,Nebraska,69026,FALSE
36354,https://www.yellowpages.com/search?search_terms=autoglass&geo_location_terms=69027&page=1,Nebraska,69027,FALSE
36355,https://www.yellowpages.com/search?search_terms=autoglass&geo_location_terms=69028&page=1,Nebraska,69028,FALSE
36356,https://www.yellowpages.com/search?search_terms=autoglass&geo_location_terms=69029&page=1,Nebraska,69029,FALSE
36357,https://www.yellowpages.com/search?search_terms=autoglass&geo_location_terms=69030&page=1,Nebraska,69030,FALSE
36358,https://www.yellowpages.com/search?search_terms=autoglass&geo_location_terms=69032&page=1,Nebraska,69032,FALSE
36359,https://www.yellowpages.com/search?search_terms=autoglass&geo_location_terms=69033&page=1,Nebraska,69033,FALSE
36360,https://www.yellowpages.com/search?search_terms=autoglass&geo_location_terms=69034&page=1,Nebraska,69034,FALSE
36361,https://www.yellowpages.com/search?search_terms=autoglass&geo_location_terms=69036&page=1,Nebraska,69036,FALSE
36362,https://www.yellowpages.com/search?search_terms=autoglass&geo_location_terms=69037&page=1,Nebraska,69037,FALSE
36363,https://www.yellowpages.com/search?search_terms=autoglass&geo_location_terms=69038&page=1,Nebraska,69038,FALSE
36364,https://www.yellowpages.com/search?search_terms=autoglass&geo_location_terms=69039&page=1,Nebraska,69039,FALSE
36365,https://www.yellowpages.com/search?search_terms=autoglass&geo_location_terms=69040&page=1,Nebraska,69040,FALSE
36366,https://www.yellowpages.com/search?search_terms=autoglass&geo_location_terms=69041&page=1,Nebraska,69041,FALSE
36367,https://www.yellowpages.com/search?search_terms=autoglass&geo_location_terms=69042&page=1,Nebraska,69042,FALSE
36368,https://www.yellowpages.com/search?search_terms=autoglass&geo_location_terms=69043&page=1,Nebraska,69043,FALSE
36369,https://www.yellowpages.com/search?search_terms=autoglass&geo_location_terms=69044&page=1,Nebraska,69044,FALSE
36370,https://www.yellowpages.com/search?search_terms=autoglass&geo_location_terms=69045&page=1,Nebraska,69045,FALSE
36371,https://www.yellowpages.com/search?search_terms=autoglass&geo_location_terms=69046&page=1,Nebraska,69046,FALSE
36372,https://www.yellowpages.com/search?search_terms=autoglass&geo_location_terms=69101&page=1,Nebraska,69101,FALSE
36373,https://www.yellowpages.com/search?search_terms=autoglass&geo_location_terms=69120&page=1,Nebraska,69120,FALSE
36374,https://www.yellowpages.com/search?search_terms=autoglass&geo_location_terms=69121&page=1,Nebraska,69121,FALSE
36375,https://www.yellowpages.com/search?search_terms=autoglass&geo_location_terms=69122&page=1,Nebraska,69122,FALSE
36376,https://www.yellowpages.com/search?search_terms=autoglass&geo_location_terms=69123&page=1,Nebraska,69123,FALSE
36377,https://www.yellowpages.com/search?search_terms=autoglass&geo_location_terms=69125&page=1,Nebraska,69125,FALSE
36378,https://www.yellowpages.com/search?search_terms=autoglass&geo_location_terms=69127&page=1,Nebraska,69127,FALSE
36379,https://www.yellowpages.com/search?search_terms=autoglass&geo_location_terms=69128&page=1,Nebraska,69128,FALSE
36380,https://www.yellowpages.com/search?search_terms=autoglass&geo_location_terms=69129&page=1,Nebraska,69129,FALSE
36381,https://www.yellowpages.com/search?search_terms=autoglass&geo_location_terms=69130&page=1,Nebraska,69130,FALSE
36382,https://www.yellowpages.com/search?search_terms=autoglass&geo_location_terms=69131&page=1,Nebraska,69131,FALSE
36383,https://www.yellowpages.com/search?search_terms=autoglass&geo_location_terms=69132&page=1,Nebraska,69132,FALSE
36384,https://www.yellowpages.com/search?search_terms=autoglass&geo_location_terms=69133&page=1,Nebraska,69133,FALSE
36385,https://www.yellowpages.com/search?search_terms=autoglass&geo_location_terms=69134&page=1,Nebraska,69134,FALSE
36386,https://www.yellowpages.com/search?search_terms=autoglass&geo_location_terms=69135&page=1,Nebraska,69135,FALSE
36387,https://www.yellowpages.com/search?search_terms=autoglass&geo_location_terms=69138&page=1,Nebraska,69138,FALSE
36388,https://www.yellowpages.com/search?search_terms=autoglass&geo_location_terms=69140&page=1,Nebraska,69140,FALSE
36389,https://www.yellowpages.com/search?search_terms=autoglass&geo_location_terms=69141&page=1,Nebraska,69141,FALSE
36390,https://www.yellowpages.com/search?search_terms=autoglass&geo_location_terms=69142&page=1,Nebraska,69142,FALSE
36391,https://www.yellowpages.com/search?search_terms=autoglass&geo_location_terms=69143&page=1,Nebraska,69143,FALSE
36392,https://www.yellowpages.com/search?search_terms=autoglass&geo_location_terms=69144&page=1,Nebraska,69144,FALSE
36393,https://www.yellowpages.com/search?search_terms=autoglass&geo_location_terms=69145&page=1,Nebraska,69145,FALSE
36394,https://www.yellowpages.com/search?search_terms=autoglass&geo_location_terms=69146&page=1,Nebraska,69146,FALSE
36395,https://www.yellowpages.com/search?search_terms=autoglass&geo_location_terms=69147&page=1,Nebraska,69147,FALSE
36396,https://www.yellowpages.com/search?search_terms=autoglass&geo_location_terms=69148&page=1,Nebraska,69148,FALSE
36397,https://www.yellowpages.com/search?search_terms=autoglass&geo_location_terms=69149&page=1,Nebraska,69149,FALSE
36398,https://www.yellowpages.com/search?search_terms=autoglass&geo_location_terms=69150&page=1,Nebraska,69150,FALSE
36399,https://www.yellowpages.com/search?search_terms=autoglass&geo_location_terms=69151&page=1,Nebraska,69151,FALSE
36400,https://www.yellowpages.com/search?search_terms=autoglass&geo_location_terms=69152&page=1,Nebraska,69152,FALSE
36401,https://www.yellowpages.com/search?search_terms=autoglass&geo_location_terms=69153&page=1,Nebraska,69153,FALSE
36402,https://www.yellowpages.com/search?search_terms=autoglass&geo_location_terms=69154&page=1,Nebraska,69154,FALSE
36403,https://www.yellowpages.com/search?search_terms=autoglass&geo_location_terms=69155&page=1,Nebraska,69155,FALSE
36404,https://www.yellowpages.com/search?search_terms=autoglass&geo_location_terms=69156&page=1,Nebraska,69156,FALSE
36405,https://www.yellowpages.com/search?search_terms=autoglass&geo_location_terms=69157&page=1,Nebraska,69157,FALSE
36406,https://www.yellowpages.com/search?search_terms=autoglass&geo_location_terms=69161&page=1,Nebraska,69161,FALSE
36407,https://www.yellowpages.com/search?search_terms=autoglass&geo_location_terms=69162&page=1,Nebraska,69162,FALSE
36408,https://www.yellowpages.com/search?search_terms=autoglass&geo_location_terms=69163&page=1,Nebraska,69163,FALSE
36409,https://www.yellowpages.com/search?search_terms=autoglass&geo_location_terms=69165&page=1,Nebraska,69165,FALSE
36410,https://www.yellowpages.com/search?search_terms=autoglass&geo_location_terms=69166&page=1,Nebraska,69166,FALSE
36411,https://www.yellowpages.com/search?search_terms=autoglass&geo_location_terms=69167&page=1,Nebraska,69167,FALSE
36412,https://www.yellowpages.com/search?search_terms=autoglass&geo_location_terms=69168&page=1,Nebraska,69168,FALSE
36413,https://www.yellowpages.com/search?search_terms=autoglass&geo_location_terms=69169&page=1,Nebraska,69169,FALSE
36414,https://www.yellowpages.com/search?search_terms=autoglass&geo_location_terms=69170&page=1,Nebraska,69170,FALSE
36415,https://www.yellowpages.com/search?search_terms=autoglass&geo_location_terms=69171&page=1,Nebraska,69171,FALSE
36416,https://www.yellowpages.com/search?search_terms=autoglass&geo_location_terms=69201&page=1,Nebraska,69201,FALSE
36417,https://www.yellowpages.com/search?search_terms=autoglass&geo_location_terms=69210&page=1,Nebraska,69210,FALSE
36418,https://www.yellowpages.com/search?search_terms=autoglass&geo_location_terms=69211&page=1,Nebraska,69211,FALSE
36419,https://www.yellowpages.com/search?search_terms=autoglass&geo_location_terms=69212&page=1,Nebraska,69212,FALSE
36420,https://www.yellowpages.com/search?search_terms=autoglass&geo_location_terms=69214&page=1,Nebraska,69214,FALSE
36421,https://www.yellowpages.com/search?search_terms=autoglass&geo_location_terms=69216&page=1,Nebraska,69216,FALSE
36422,https://www.yellowpages.com/search?search_terms=autoglass&geo_location_terms=69217&page=1,Nebraska,69217,FALSE
36423,https://www.yellowpages.com/search?search_terms=autoglass&geo_location_terms=69218&page=1,Nebraska,69218,FALSE
36424,https://www.yellowpages.com/search?search_terms=autoglass&geo_location_terms=69219&page=1,Nebraska,69219,FALSE
36425,https://www.yellowpages.com/search?search_terms=autoglass&geo_location_terms=69220&page=1,Nebraska,69220,FALSE
36426,https://www.yellowpages.com/search?search_terms=autoglass&geo_location_terms=69221&page=1,Nebraska,69221,FALSE
36427,https://www.yellowpages.com/search?search_terms=autoglass&geo_location_terms=69301&page=1,Nebraska,69301,FALSE
36428,https://www.yellowpages.com/search?search_terms=autoglass&geo_location_terms=69331&page=1,Nebraska,69331,FALSE
36429,https://www.yellowpages.com/search?search_terms=autoglass&geo_location_terms=69333&page=1,Nebraska,69333,FALSE
36430,https://www.yellowpages.com/search?search_terms=autoglass&geo_location_terms=69334&page=1,Nebraska,69334,FALSE
36431,https://www.yellowpages.com/search?search_terms=autoglass&geo_location_terms=69335&page=1,Nebraska,69335,FALSE
36432,https://www.yellowpages.com/search?search_terms=autoglass&geo_location_terms=69336&page=1,Nebraska,69336,FALSE
36433,https://www.yellowpages.com/search?search_terms=autoglass&geo_location_terms=69337&page=1,Nebraska,69337,FALSE
36434,https://www.yellowpages.com/search?search_terms=autoglass&geo_location_terms=69339&page=1,Nebraska,69339,FALSE
36435,https://www.yellowpages.com/search?search_terms=autoglass&geo_location_terms=69340&page=1,Nebraska,69340,FALSE
36436,https://www.yellowpages.com/search?search_terms=autoglass&geo_location_terms=69341&page=1,Nebraska,69341,FALSE
36437,https://www.yellowpages.com/search?search_terms=autoglass&geo_location_terms=69343&page=1,Nebraska,69343,FALSE
36438,https://www.yellowpages.com/search?search_terms=autoglass&geo_location_terms=69345&page=1,Nebraska,69345,FALSE
36439,https://www.yellowpages.com/search?search_terms=autoglass&geo_location_terms=69346&page=1,Nebraska,69346,FALSE
36440,https://www.yellowpages.com/search?search_terms=autoglass&geo_location_terms=69347&page=1,Nebraska,69347,FALSE
36441,https://www.yellowpages.com/search?search_terms=autoglass&geo_location_terms=69348&page=1,Nebraska,69348,FALSE
36442,https://www.yellowpages.com/search?search_terms=autoglass&geo_location_terms=69350&page=1,Nebraska,69350,FALSE
36443,https://www.yellowpages.com/search?search_terms=autoglass&geo_location_terms=69351&page=1,Nebraska,69351,FALSE
36444,https://www.yellowpages.com/search?search_terms=autoglass&geo_location_terms=69352&page=1,Nebraska,69352,FALSE
36445,https://www.yellowpages.com/search?search_terms=autoglass&geo_location_terms=69353&page=1,Nebraska,69353,FALSE
36446,https://www.yellowpages.com/search?search_terms=autoglass&geo_location_terms=69354&page=1,Nebraska,69354,FALSE
36447,https://www.yellowpages.com/search?search_terms=autoglass&geo_location_terms=69355&page=1,Nebraska,69355,FALSE
36448,https://www.yellowpages.com/search?search_terms=autoglass&geo_location_terms=69356&page=1,Nebraska,69356,FALSE
36449,https://www.yellowpages.com/search?search_terms=autoglass&geo_location_terms=69357&page=1,Nebraska,69357,FALSE
36450,https://www.yellowpages.com/search?search_terms=autoglass&geo_location_terms=69358&page=1,Nebraska,69358,FALSE
36451,https://www.yellowpages.com/search?search_terms=autoglass&geo_location_terms=69360&page=1,Nebraska,69360,FALSE
36452,https://www.yellowpages.com/search?search_terms=autoglass&geo_location_terms=69361&page=1,Nebraska,69361,FALSE
36453,https://www.yellowpages.com/search?search_terms=autoglass&geo_location_terms=69365&page=1,Nebraska,69365,FALSE
36454,https://www.yellowpages.com/search?search_terms=autoglass&geo_location_terms=69366&page=1,Nebraska,69366,FALSE
36455,https://www.yellowpages.com/search?search_terms=autoglass&geo_location_terms=69367&page=1,Nebraska,69367,FALSE
